글번호,제목,글쓴이,작성일,링크,수집일시
93886,미국산 아이비피 목심 구매합니다.,제이알미트 김효영,19:25,https://cafe.daum.net/meetpeople/HoTs/93886,2026-07-06 23:50:40
93884,NBP 냉장 일반갈비CAB 262 넘버로 구매합니다.,과천 김현석,16:41,https://cafe.daum.net/meetpeople/HoTs/93884,2026-07-06 23:50:40
93882,IBP 278 CAB 갈비 구매합니다,아이프레시,15:42,https://cafe.daum.net/meetpeople/HoTs/93882,2026-07-06 23:50:40
93880,미국 스위프트 동결 삼겹,(주)제이알미트 황정록,15:26,https://cafe.daum.net/meetpeople/HoTs/93880,2026-07-06 23:50:40
93878,미국산 엑셀 삼겹양지 구합니다.,큐미트,14:06,https://cafe.daum.net/meetpeople/HoTs/93878,2026-07-06 23:50:40
93874,미국산 아이비피 245E CH 갈비 구매합니다.,제이알미트 김효영,12:43,https://cafe.daum.net/meetpeople/HoTs/93874,2026-07-06 23:50:40
93872,페르디가오 닭정육 구매합니다,박봉식이,11:45,https://cafe.daum.net/meetpeople/HoTs/93872,2026-07-06 23:50:40
93870,네셔날 동결 CAB 꽃갈비 구매합니다.,세원푸드 여운열,10:52,https://cafe.daum.net/meetpeople/HoTs/93870,2026-07-06 23:50:40
93868,킬코이 GF 알목심 구매합니다.,미트홈이성은,10:28,https://cafe.daum.net/meetpeople/HoTs/93868,2026-07-06 23:50:40
93866,킬코이 GF 사태 구매합니다.,미트홈이성은,10:14,https://cafe.daum.net/meetpeople/HoTs/93866,2026-07-06 23:50:40
