거래처,담당자,전화번호,출처
River Valley_반,,,미트피플 판매글
아이앤지푸드,,,미트피플 판매글
(주)미성피앤비,한준규,,미트피플 판매글
(주)삼성원미트,,,미트피플 판매글
이에스알,류은성,,미트피플 판매글
(주),미트프로,,미트피플 판매글
마장동,김수빈,,미트피플 판매글
주식회사,더베테랑,,미트피플 판매글
(주)미트하임,박기돈,,미트피플 판매글
과천,김현석,,미트피플 판매글
(주),고기팜,,미트피플 판매글
태원트레이드,양현모,,미트피플 판매글
(주)디케이제우스,,,미트피플 판매글
멤버스,회원,,미트피플 판매글
(주)참조은통상,,,미트피플 판매글
(주)국민축산물거래소,손현수,,미트피플 판매글
성창미트,이기범,,미트피플 판매글
(주)선유통 터닝맨2,,,미트피플 판매글
두길유통,,,미트피플 판매글
(주)KMS패밀리,김은동,,미트피플 판매글
(주),금미트,,미트피플 판매글
봄앤푸드,정남경,,미트피플 판매글
(주)이안미트/이범수,,,미트피플 판매글
(주)카니발푸드_홍경남,,,미트피플 판매글
미트허브,,,미트피플 판매글
아슬란,김상배,,미트피플 판매글
ZM,승환,,미트피플 판매글
위드유,김명호,,미트피플 판매글
(주)가흥/덕호푸드,박병현,,미트피플 판매글
일쭈(선우프레쉬),,,미트피플 판매글
NOLIMIT,강윤학,,미트피플 판매글
정솔 이사,,,미트피플 판매글
아슬란,박주열,,미트피플 판매글
미트카페,,,미트피플 판매글
세원푸드시스템 황홍길(마장),,,미트피플 판매글
에이젯,송광훈,,미트피플 판매글
너나들이유통(주),,,미트피플 판매글
타이거푸드,,,미트피플 판매글
(주),교우푸드,,미트피플 판매글
축산물담당자,,,미트피플 판매글
에이젯유통,강민재,,미트피플 판매글
(주),더복,,미트피플 판매글
이정형(아랑미트),,,미트피플 판매글
미트맘,,,미트피플 판매글
퍼스트미트 lee,,,미트피플 판매글
(주) 우리와푸드 [박순용],,,미트피플 판매글
JN 김이사,,,미트피플 판매글
김상진(주),파인미트,,미트피플 판매글
아스트로스,이이수,,미트피플 판매글
진푸드,,,미트피플 판매글
(주)소문,윤치영,,미트피플 판매글
미트조인,,,미트피플 판매글
윤스푸드,,,미트피플 판매글
부민,사나이,,미트피플 판매글
성광에프앤비최지혜,,,미트피플 판매글
놀기좋은 날,,,미트피플 판매글
(주),에이피스,,미트피플 판매글
(주),케이미트,,미트피플 판매글
vault (볼트),,,미트피플 판매글
아슬란푸드,,,미트피플 판매글
(주)디케이제우스,이국호,,미트피플 판매글
(주),푸디버스,,미트피플 판매글
세원푸드,여운열,,미트피플 판매글
미트큐,,,미트피플 판매글
빅토리푸드 안,,,미트피플 판매글
부산서후미트정부장,,,미트피플 판매글
에이엠에프,신찬규,,미트피플 판매글
(주),동탄미트,,미트피플 판매글
(주)노블푸드_남,성식,,미트피플 판매글
성원INT,이재현,,미트피플 판매글
(주)비에이치앤컴퍼니,황정명,,미트피플 판매글
에이젯광주,백윤주,,미트피플 판매글
미트앤라이프축바람,,,미트피플 판매글
(주)아이콘미트,우성민,,미트피플 판매글
MG티앤씨,김대신,,미트피플 판매글
소우람,이종화,,미트피플 판매글
(주),신강미트,,미트피플 판매글
LSTC,구기모,,미트피플 판매글
미트앤라이프삐옹스,,,미트피플 판매글
(주)세원푸드,황인재,,미트피플 판매글
미래푸드,오제호,,미트피플 판매글
NOLIMIT,김민기,,미트피플 판매글
(주)우성,김낙현,,미트피플 판매글
동신푸드이재우,,,미트피플 판매글
굿미트,한남,,미트피플 판매글
세원푸드,김세정,,미트피플 판매글
(주)푸드본,윤성재,,미트피플 판매글
고기촌유통최진봉,,,미트피플 판매글
(주)투에스푸드,,,미트피플 판매글
(주),미트본부,,미트피플 판매글
(주)상상팜,배지운,,미트피플 판매글
큐미트,,,미트피플 판매글
봉미트이경현차장,,,미트피플 판매글
제일미트축산(주)-인천,,,미트피플 판매글
(주),카멜무역,,미트피플 판매글
좋은,사람,,미트피플 판매글
정경의,파이프,,미트피플 판매글
(주)푸드메이트_이성창,,,미트피플 판매글
AZ독산,정호윤,,미트피플 판매글
네츄럴,장현우,,미트피플 판매글
용푸드현임수,,,미트피플 판매글
(주)제이씨상역,이창섭,,미트피플 판매글
(주)가우푸드,강경원,,미트피플 판매글
에이젯유통,김현주,,미트피플 판매글
(주)썬프라임 이부장,,,미트피플 판매글
푸드본,조남진,,미트피플 판매글
주)미트뱅크코리아,,,미트피플 판매글
시대조류를,따르자,,미트피플 판매글
친절한,김씨,,미트피플 판매글
골드유통,,,미트피플 판매글
(주)에이티미트,조제식,,미트피플 판매글
(주)카니발푸드_문성준,,,미트피플 판매글
마중물,신재준,,미트피플 판매글
케이디통상,,,미트피플 판매글
우진미트정윤진,,,미트피플 판매글
미트홈이성은,,,미트피플 구매글
주식회사 Kim,서울,,미트피플 판매글
유통사나이,,,미트피플 판매글
에이젯,강경현,,미트피플 판매글
청정 이사,,,미트피플 판매글
가흥푸드,이민우,,미트피플 판매글
AZ독산,김남학,,미트피플 판매글
고기를 디자인하다,,,미트피플 판매글
성진미트,,,미트피플 판매글
(주),세주,,미트피플 판매글
빅토리푸드,김영진,,미트피플 판매글
ND,박성민,,미트피플 판매글
신세계미트,한승훈,,미트피플 판매글
고은미트(전주),,,미트피플 판매글
(주),새솔미트,,미트피플 판매글
(주)에이스푸드림_백승용,,,미트피플 판매글
(주),푸드앤팜,,미트피플 판매글
에이젯유통,홍호연,,미트피플 판매글
홍성산,예스엠,,미트피플 판매글
