글번호,제목,글쓴이,작성일,링크,수집일
220633,웨스트포트 하이암퇘지 삼겹 판매합니다!!,미코상사,17:38,https://cafe.daum.net/meetpeople/HoUW/220633,2026-07-06
220631,미국산 SEABAORD(시보드) 로인립 판매합니다,김동현,17:03,https://cafe.daum.net/meetpeople/HoUW/220631,2026-07-06
220629,칠레산 돈 등뼈 판매합니다,(주) 우리와푸드 [박순용],15:44,https://cafe.daum.net/meetpeople/HoUW/220629,2026-07-06
220627,마프리제스 듀록 50% 돈목살 판매합니다.,거상푸드,15:24,https://cafe.daum.net/meetpeople/HoUW/220627,2026-07-06
220625,SWIFT CH 황제늑간 판매합니다.,팜플러스,14:42,https://cafe.daum.net/meetpeople/HoUW/220625,2026-07-06
220623,시보드 뽈살 판매합니다.!!!!!!!!!!!(46071),와이엠통상(주),14:12,https://cafe.daum.net/meetpeople/HoUW/220623,2026-07-06
220620,OMC 호주산 부채 정리합니다.,하나프라임 박동찬,13:43,https://cafe.daum.net/meetpeople/HoUW/220620,2026-07-06
220618,코엑스카 가브리 판매 합니다.,김승용,13:00,https://cafe.daum.net/meetpeople/HoUW/220618,2026-07-06
220616,블랙포크 삼겹 판매합니다.,전사,11:56,https://cafe.daum.net/meetpeople/HoUW/220616,2026-07-06
220614,호주산 GBP 볼살 판매 합니다.,줄리엔-원선,11:43,https://cafe.daum.net/meetpeople/HoUW/220614,2026-07-06
220632,스페인산 파텔(PATEL) 듀록개별/일반진공4P진공 이겹살 판매합니다,가온(양태환),17:38,https://cafe.daum.net/meetpeople/HoUW/220632,2026-07-06
220630,미국산 SMITHFIELD 717M 돈목살 판매합니다,김유군,17:03,https://cafe.daum.net/meetpeople/HoUW/220630,2026-07-06
220628,호주산 ACC 앞사태 판매합니다,(주)이안미트/이범수,15:44,https://cafe.daum.net/meetpeople/HoUW/220628,2026-07-06
220626,엑셀 UN 양지늑간 판매합니다.,도라에몽,15:24,https://cafe.daum.net/meetpeople/HoUW/220626,2026-07-06
220624,차돌박이 스위프트 3d ch 정리중입니다,(주)굿팜코리아,14:42,https://cafe.daum.net/meetpeople/HoUW/220624,2026-07-06
220621,스페인 이베리코 롱목살 판매 합니다.,노닉넴,14:12,https://cafe.daum.net/meetpeople/HoUW/220621,2026-07-06
220619,멕시코 항정 판매합니다.,NOLIMIT 강윤학,13:43,https://cafe.daum.net/meetpeople/HoUW/220619,2026-07-06
220617,놀란 차돌양지 판매합니다.,sweetyis,13:00,https://cafe.daum.net/meetpeople/HoUW/220617,2026-07-06
220615,프랑스 아베라 개별 삼겹,(주)제이알미트 황정록,11:56,https://cafe.daum.net/meetpeople/HoUW/220615,2026-07-06
220613,"0미리 항정 판매합니다,스페인",장구지계,11:43,https://cafe.daum.net/meetpeople/HoUW/220613,2026-07-06
220612,STX UN 갈비 판매합니다,진갈비,11:30,https://cafe.daum.net/meetpeople/HoUW/220612,2026-07-06
220611,엑셀 스지 판매 합니다,가빠,11:24,https://cafe.daum.net/meetpeople/HoUW/220611,2026-07-06
220610,애니맥스 전지(폴란드산) 판매합니다,에스엠미트,11:16,https://cafe.daum.net/meetpeople/HoUW/220610,2026-07-06
220609,[캐나다] 메이플 목전지 판매합니다.,정경의 파이프,11:04,https://cafe.daum.net/meetpeople/HoUW/220609,2026-07-06
220608,PINI 헝가리 4D 진공전지 판매합니다,승리선택,10:50,https://cafe.daum.net/meetpeople/HoUW/220608,2026-07-06
220607,그린리아 Bull 3 Rib (8-10) 판매합니다.,(주)아이린인피니티,10:42,https://cafe.daum.net/meetpeople/HoUW/220607,2026-07-06
220606,칠레 미박삼겹 판매합니다,로마로,10:39,https://cafe.daum.net/meetpeople/HoUW/220606,2026-07-06
220605,하비(S)백립 판매합니다.!!!!,서버밴,10:35,https://cafe.daum.net/meetpeople/HoUW/220605,2026-07-06
220604,리바쌈 무연골이겹살 판매합니다.,캐시카우,10:31,https://cafe.daum.net/meetpeople/HoUW/220604,2026-07-06
220603,시보드 목뼈 판매합니다.!!!!!!!(1번/4번),와이엠통상(주),10:28,https://cafe.daum.net/meetpeople/HoUW/220603,2026-07-06
220602,네델란드 반루이 삼겹 판매합니다,(주)제이비푸드 김정근,10:23,https://cafe.daum.net/meetpeople/HoUW/220602,2026-07-06
220601,스미스필드 목전지 판매합니다,두산화이링!!,10:09,https://cafe.daum.net/meetpeople/HoUW/220601,2026-07-06
220600,NBP 양지늑간 정리합니다.,씽크빅,10:04,https://cafe.daum.net/meetpeople/HoUW/220600,2026-07-06
220599,wmpg s 늑간판매합니다,이재욱,10:03,https://cafe.daum.net/meetpeople/HoUW/220599,2026-07-06
220598,acc 239 yggf 갈비 판매합니다,NoName,10:02,https://cafe.daum.net/meetpeople/HoUW/220598,2026-07-06
220597,그린스톡 65CL 트리밍 판매합니다,방천화극,10:01,https://cafe.daum.net/meetpeople/HoUW/220597,2026-07-06
220595,올리멜 냉장 항정 판매합니다.,기대우리,10:00,https://cafe.daum.net/meetpeople/HoUW/220595,2026-07-06
220594,그리니아 B 갈비팝니다,새솔미트,09:57,https://cafe.daum.net/meetpeople/HoUW/220594,2026-07-06
220593,엑셀86K백립판매합니다.,엑스맨,09:56,https://cafe.daum.net/meetpeople/HoUW/220593,2026-07-06
220592,미국산 목전지 시보드 판매합니다,(주)엠비케이디,09:54,https://cafe.daum.net/meetpeople/HoUW/220592,2026-07-06
220590,코액스카가브리팝니다,(주)더복,09:52,https://cafe.daum.net/meetpeople/HoUW/220590,2026-07-06
220589,칠레산 돈목뼈 판매합니다!,(주)미성피앤비 한준규,09:52,https://cafe.daum.net/meetpeople/HoUW/220589,2026-07-06
220588,마쳐 프라임 삼겹살 판매합니다.,(주)에이피스,09:48,https://cafe.daum.net/meetpeople/HoUW/220588,2026-07-06
220587,코엑스카 항정 팔아요~,오락기,09:48,https://cafe.daum.net/meetpeople/HoUW/220587,2026-07-06
220586,리테라미트 진공전지 판매합니다,(주)레이푸드트레이딩 고주현,09:44,https://cafe.daum.net/meetpeople/HoUW/220586,2026-07-06
220585,호주산 냉동A 등심(립아이) 판매 합니다.,(주)에이브이미트 신길수,09:41,https://cafe.daum.net/meetpeople/HoUW/220585,2026-07-06
220584,SEABAORD(시보드)목전지 판매합니다.,나인미라클-이정민,09:36,https://cafe.daum.net/meetpeople/HoUW/220584,2026-07-06
220583,스위프트 초이스 갈비 판매 합니다.,健康翰 大韓民國 畜産物 企業 　,09:36,https://cafe.daum.net/meetpeople/HoUW/220583,2026-07-06
220581,목심 ECT*A*판매합니다,로드박상균,09:21,https://cafe.daum.net/meetpeople/HoUW/220581,2026-07-06
220580,AMH GF 설도 판매합니다.,팜플러스,09:19,https://cafe.daum.net/meetpeople/HoUW/220580,2026-07-06
220579,웨스트플라이쉬 족발 판매합니다(독일) ◈ ◈ ◈ ◈ ◈,큐미트,09:16,https://cafe.daum.net/meetpeople/HoUW/220579,2026-07-06
220577,스위프트 목전지 판매합니다,최성용,09:12,https://cafe.daum.net/meetpeople/HoUW/220577,2026-07-06
220576,호주산 와규 소고기 스틱(초밥용) 판매합니다,주니푸드,09:07,https://cafe.daum.net/meetpeople/HoUW/220576,2026-07-06
220575,호주산 설깃 판매합니다,럭키,09:05,https://cafe.daum.net/meetpeople/HoUW/220575,2026-07-06
220574,그리니아 COW 등갈비 판매합니다,미트시즌,09:05,https://cafe.daum.net/meetpeople/HoUW/220574,2026-07-06
220573,코렌 듀록삼겹 판매합니다.,에스앤비무역 김형진,08:55,https://cafe.daum.net/meetpeople/HoUW/220573,2026-07-06
220572,미국산 목전지 판매합니다.,미래소년K,08:54,https://cafe.daum.net/meetpeople/HoUW/220572,2026-07-06
220571,AMH S 목심 저렴하게 판매합니다.,오니,08:54,https://cafe.daum.net/meetpeople/HoUW/220571,2026-07-06
220570,스페인 팍사듀록삼겹 판매합니다,twins2013,08:51,https://cafe.daum.net/meetpeople/HoUW/220570,2026-07-06
220569,삼겹양지 스위프트 판매중입니다,우크라이나미녀,08:47,https://cafe.daum.net/meetpeople/HoUW/220569,2026-07-06
220568,웨스트플라이쉬 장족 판매합니다.(독일),보물섬,08:46,https://cafe.daum.net/meetpeople/HoUW/220568,2026-07-06
220567,하비 BEEF 꼬리 판매합니다.,김진영.,08:45,https://cafe.daum.net/meetpeople/HoUW/220567,2026-07-06
220566,국내산 냉동 미전지 판매합니다,JN 김이사,08:44,https://cafe.daum.net/meetpeople/HoUW/220566,2026-07-06
220565,벨기에 미니족 판매합니다,바른용준씨,08:44,https://cafe.daum.net/meetpeople/HoUW/220565,2026-07-06
220564,NB CH 전각 판매합니다,미래푸드 오제호,08:44,https://cafe.daum.net/meetpeople/HoUW/220564,2026-07-06
220561,잉카롭사 돈등심 판매합니다,용푸드 조봉구,08:35,https://cafe.daum.net/meetpeople/HoUW/220561,2026-07-06
220560,냉장 호주산 와규 알목심(윗등심) 판매합니다,미트대명사 안병관,08:32,https://cafe.daum.net/meetpeople/HoUW/220560,2026-07-06
220559,팜플로나 돈목살 판매합니다,금돼지,08:32,https://cafe.daum.net/meetpeople/HoUW/220559,2026-07-06
220558,SM/F 320M 목전지 판매합니다. 자창재고,신사상호랑이,08:32,https://cafe.daum.net/meetpeople/HoUW/220558,2026-07-06
220557,코네스토카 진공목살 팝니다.,권혁만,08:31,https://cafe.daum.net/meetpeople/HoUW/220557,2026-07-06
220556,NBP(내셔날) CAB 냉장살치 저렴하게 정리합니다.,River Valley_반,08:30,https://cafe.daum.net/meetpeople/HoUW/220556,2026-07-06
220554,엑셀 차돌박이CH 86E 판매합니다.,고기가좋아요,08:28,https://cafe.daum.net/meetpeople/HoUW/220554,2026-07-06
220553,헝가리미트 삼겹살 판매합니다.,김동구,08:28,https://cafe.daum.net/meetpeople/HoUW/220553,2026-07-06
220552,"그리니아 PS, B 일반갈비 판매합니다",(주)카멜무역,08:27,https://cafe.daum.net/meetpeople/HoUW/220552,2026-07-06
220551,칠레산 코엑스카 전지 및 전품목 판매합니다!!,(주)카니발푸드_홍경남,08:25,https://cafe.daum.net/meetpeople/HoUW/220551,2026-07-06
220550,베슬러 항정 판매합니다.,레인보우미트,08:24,https://cafe.daum.net/meetpeople/HoUW/220550,2026-07-06
220549,엑셀 홍창 판매합니다.,(주)미트이노베이션,08:18,https://cafe.daum.net/meetpeople/HoUW/220549,2026-07-06
220548,스페인 저가 팍사 삼겹 판매합니다!!,김영재,08:16,https://cafe.daum.net/meetpeople/HoUW/220548,2026-07-06
220547,돈오돌뼈(국산)판매합니다,사골조아,08:12,https://cafe.daum.net/meetpeople/HoUW/220547,2026-07-06
220546,미국산 냉장살치 판매합니다,고기를 디자인하다,08:09,https://cafe.daum.net/meetpeople/HoUW/220546,2026-07-06
220544,스페인 삼겹 판매합니다,육팔구통상(주)현기환,07:46,https://cafe.daum.net/meetpeople/HoUW/220544,2026-07-06
220543,시몬 삼겹 中 판매합니다,슈퍼초코송이,07:39,https://cafe.daum.net/meetpeople/HoUW/220543,2026-07-06
220540,독일산 미니족 판매합니다.,정솔 이사,06:58,https://cafe.daum.net/meetpeople/HoUW/220540,2026-07-06
220539,올리멜(OLYMEL) 로인립 판매합니다 - 스펙사진 첨부-,(주)더한양 최진우,06:37,https://cafe.daum.net/meetpeople/HoUW/220539,2026-07-06
220538,AFG 알목심 CH 미산 판매합니다,삼촌,26.07.05,https://cafe.daum.net/meetpeople/HoUW/220538,2026-07-06
220537,목전지 씨보드 4P 미산,삼촌,26.07.04,https://cafe.daum.net/meetpeople/HoUW/220537,2026-07-06
220536,미국산 목전지 판매합니다.,미래소년K,26.07.03,https://cafe.daum.net/meetpeople/HoUW/220536,2026-07-06
220535,마쳐 삼겹(3P/프라임) 판매합니다,미래푸드 오제호,26.07.03,https://cafe.daum.net/meetpeople/HoUW/220535,2026-07-06
220534,퇴니스 PRE 삼겹 판매합니다.,에이젯 송광훈,26.07.03,https://cafe.daum.net/meetpeople/HoUW/220534,2026-07-06
220533,AMH. A/B LP 늑간 저렴하게 판매합니다(판매완료),고기촌유통최진봉,26.07.03,https://cafe.daum.net/meetpeople/HoUW/220533,2026-07-06
220532,칠레산 미추리 판매합니다!,(주)미성피앤비 한준규,26.07.03,https://cafe.daum.net/meetpeople/HoUW/220532,2026-07-06
220531,스페인 로인립 판매합니다,윤스푸드,26.07.03,https://cafe.daum.net/meetpeople/HoUW/220531,2026-07-06
220530,"사진첨부 막창 판매합니다,스페인",장구지계,26.07.03,https://cafe.daum.net/meetpeople/HoUW/220530,2026-07-06
220529,AMH 우둔 A 진공 판매 est688,나인0000,26.07.03,https://cafe.daum.net/meetpeople/HoUW/220529,2026-07-06
220528,멕시코 항정 팝니다.,NOLIMIT 강윤학,26.07.03,https://cafe.daum.net/meetpeople/HoUW/220528,2026-07-06
220525,EXCEL 86K 스지 판매합니다,막앙네,26.07.03,https://cafe.daum.net/meetpeople/HoUW/220525,2026-07-06
220523,엑셀 스지 86k 판매 합니다,가빠,26.07.03,https://cafe.daum.net/meetpeople/HoUW/220523,2026-07-06
220522,팜플로나 돈목살 판매합니다,금돼지,26.07.03,https://cafe.daum.net/meetpeople/HoUW/220522,2026-07-06
220521,마프리제스 돈등심 판매합니다.,(주)비앙드 배진성,26.07.03,https://cafe.daum.net/meetpeople/HoUW/220521,2026-07-06
220520,미국산 엔비 프라임 알목심 판매합니다!,김영재,26.07.03,https://cafe.daum.net/meetpeople/HoUW/220520,2026-07-06
220519,아싸(AASA) 항정 판매합니다 - 스펙사진 첨부-,(주)더한양 최진우,26.07.03,https://cafe.daum.net/meetpeople/HoUW/220519,2026-07-06
220518,오끼곡물꼬리 판매합니다.!!!!,서버밴,26.07.03,https://cafe.daum.net/meetpeople/HoUW/220518,2026-07-06
220517,스위프트 초이스 일반갈비 판매 합니다. (사진첨부),健康翰 大韓民國 畜産物 企業 　,26.07.03,https://cafe.daum.net/meetpeople/HoUW/220517,2026-07-06
220516,차돌박이 스위프트 3D CH 판매중입니다,(주)굿팜코리아,26.07.03,https://cafe.daum.net/meetpeople/HoUW/220516,2026-07-06
220515,코엑스카(칠레) 삼겹 판매합니다.,(주)고기장푸드 장정호,26.07.03,https://cafe.daum.net/meetpeople/HoUW/220515,2026-07-06
220514,호주산 MERAMIST(메라미스트) GF 꼬리 판매합니다,김동현,26.07.03,https://cafe.daum.net/meetpeople/HoUW/220514,2026-07-06
220513,하비 BEEF 꼬리 판매합니다.,김진영.,26.07.03,https://cafe.daum.net/meetpeople/HoUW/220513,2026-07-06
220512,인터간 미티 빽립 판매 합니다 .,김승용,26.07.03,https://cafe.daum.net/meetpeople/HoUW/220512,2026-07-06
220511,바텔가부리(스페인) 판매합니다~!!,이시스,26.07.03,https://cafe.daum.net/meetpeople/HoUW/220511,2026-07-06
220509,그리니아 PS 갈비팝니다,새솔미트,26.07.03,https://cafe.daum.net/meetpeople/HoUW/220509,2026-07-06
220508,마쳐 돈갈비 판매합니다.,(주)아이푸드트레이딩 방민호,26.07.03,https://cafe.daum.net/meetpeople/HoUW/220508,2026-07-06
220506,콤팍소 미사태 판매합니다,승리선택,26.07.03,https://cafe.daum.net/meetpeople/HoUW/220506,2026-07-06
220505,미국산 돈등심 판매합니다~,뇽뇽,26.07.03,https://cafe.daum.net/meetpeople/HoUW/220505,2026-07-06
220503,SEABAORD(시보드)목전지 판매합니다.,나인미라클-이정민,26.07.03,https://cafe.daum.net/meetpeople/HoUW/220503,2026-07-06
220502,차돌양지( ACC/GF) 판매합니다,럭키,26.07.03,https://cafe.daum.net/meetpeople/HoUW/220502,2026-07-06
220500,미국산 SMITHFIELD 717M 돈목살 판매합니다,김유군,26.07.03,https://cafe.daum.net/meetpeople/HoUW/220500,2026-07-06
220498,[캐나다] 메이플 목전지 판매합니다.,정경의 파이프,26.07.03,https://cafe.daum.net/meetpeople/HoUW/220498,2026-07-06
220497,목심 ECT*A*판매합니다,로드박상균,26.07.03,https://cafe.daum.net/meetpeople/HoUW/220497,2026-07-06
220496,어퍼아이오와(upper iowa) 늑간살 판매합니다.,곰뚱이,26.07.03,https://cafe.daum.net/meetpeople/HoUW/220496,2026-07-06
220495,멕시코산 스테이크용 항정살 저렴하게 판매합니다.,와이제이,26.07.03,https://cafe.daum.net/meetpeople/HoUW/220495,2026-07-06
220494,amh 차돌양지 s 판매합니다.,오니,26.07.03,https://cafe.daum.net/meetpeople/HoUW/220494,2026-07-06
220493,스페인 대자 삼겹 (FACCSA) 삼겹 팝니다. 사진有,(주) 우리와푸드 [박순용],26.07.03,https://cafe.daum.net/meetpeople/HoUW/220493,2026-07-06
220490,독일산 돈갈비 판매합니다,육팔구통상(주)현기환,26.07.03,https://cafe.daum.net/meetpeople/HoUW/220490,2026-07-06
220488,국내산 냉동돈전지 판매합니다,JN 김이사,26.07.03,https://cafe.daum.net/meetpeople/HoUW/220488,2026-07-06
220487,스미스필드 목전지 판매합니다.,김태양,26.07.03,https://cafe.daum.net/meetpeople/HoUW/220487,2026-07-06
220486,스미스필드 목전지 판매합니다(18079) ◈ ◈ ◈ ◈ ◈,큐미트,26.07.03,https://cafe.daum.net/meetpeople/HoUW/220486,2026-07-06
220485,반루이 삼겹 판매합니다,박탱,26.07.03,https://cafe.daum.net/meetpeople/HoUW/220485,2026-07-06
220484,HK 스캔 정삼겹 판매합니다.,(주)에이피스,26.07.03,https://cafe.daum.net/meetpeople/HoUW/220484,2026-07-06
220483,IBP 245E CAB 갈비 판매합니다,LSTC 구기모,26.07.03,https://cafe.daum.net/meetpeople/HoUW/220483,2026-07-06
220482,리테라 등잡 판매합니다.,레인보우미트,26.07.03,https://cafe.daum.net/meetpeople/HoUW/220482,2026-07-06
220478,호주산 와규 소고기 스틱(초밥용) 판매합니다,주니푸드,26.07.03,https://cafe.daum.net/meetpeople/HoUW/220478,2026-07-06
220477,스페인 팍사듀록삼겹 판매합니다,twins2013,26.07.03,https://cafe.daum.net/meetpeople/HoUW/220477,2026-07-06
220476,크릭스톤 MC.CH 갈비판매합니다.,탁운호,26.07.03,https://cafe.daum.net/meetpeople/HoUW/220476,2026-07-06
220475,칠레산 아싸 항정 및 전품목 판매합니다!!,(주)카니발푸드_홍경남,26.07.03,https://cafe.daum.net/meetpeople/HoUW/220475,2026-07-06
220474,독일 웨스트플래쉬 삼겹 판매합니다.,차이푸드 김정훈,26.07.03,https://cafe.daum.net/meetpeople/HoUW/220474,2026-07-06
220473,WESTFLEISCH (웨스트플래시) 삼겹 판매합니다.,고기를먹자,26.07.03,https://cafe.daum.net/meetpeople/HoUW/220473,2026-07-06
220471,블랙포크 삼겹 판매합니다!!,미코상사,26.07.03,https://cafe.daum.net/meetpeople/HoUW/220471,2026-07-06
220470,벨기에 미니족 판매합니다,바른용준씨,26.07.03,https://cafe.daum.net/meetpeople/HoUW/220470,2026-07-06
220469,그리니아 양깃머리 700 판매합니다,(주)카멜무역,26.07.03,https://cafe.daum.net/meetpeople/HoUW/220469,2026-07-06
220468,리테라 목전지 판매합니다.,김동구,26.07.03,https://cafe.daum.net/meetpeople/HoUW/220468,2026-07-06
220467,마처 삼겹 팝니다.,권혁만,26.07.03,https://cafe.daum.net/meetpeople/HoUW/220467,2026-07-06
220466,코엑스카 목뼈 판매합니다.,정식,26.07.03,https://cafe.daum.net/meetpeople/HoUW/220466,2026-07-06
220463,냉장 호주산 와규 부채 판매합니다,미트대명사 안병관,26.07.03,https://cafe.daum.net/meetpeople/HoUW/220463,2026-07-06
220460,쇼케이스(5 STAR) 냉장 프라임 살치 판매합니다.,몽구맘,26.07.03,https://cafe.daum.net/meetpeople/HoUW/220460,2026-07-06
220459,시몬 삼겹 中 판매합니다,슈퍼초코송이,26.07.03,https://cafe.daum.net/meetpeople/HoUW/220459,2026-07-06
220457,캐나다엑셀 51 #2백립 판매합니다,(주)미트이노베이션,26.07.03,https://cafe.daum.net/meetpeople/HoUW/220457,2026-07-06
220455,돈 목살 바텔 스페인 아주기흥,삼촌,26.07.03,https://cafe.daum.net/meetpeople/HoUW/220455,2026-07-06
220454,핸들바우어 미박삼겹 판매합니다.,정솔 이사,26.07.03,https://cafe.daum.net/meetpeople/HoUW/220454,2026-07-06
220453,백립 스위프트 판매합니다.,포니7,26.07.02,https://cafe.daum.net/meetpeople/HoUW/220453,2026-07-06
220452,칠레 전지 판매 합니다,히어로,26.07.02,https://cafe.daum.net/meetpeople/HoUW/220452,2026-07-06
220451,국내산 한우 냉동 갈비 판매합니다,kty271,26.07.02,https://cafe.daum.net/meetpeople/HoUW/220451,2026-07-06
220449,잉카롭사 듀록전지 판매합니다,푸드본 조남진,26.07.02,https://cafe.daum.net/meetpeople/HoUW/220449,2026-07-06
220448,슈퍼포크 가브리 소량 판매합니다.,미코상사,26.07.02,https://cafe.daum.net/meetpeople/HoUW/220448,2026-07-06
220447,미국산 SMITHFIELD 717M 돈목살 판매합니다,김유군,26.07.02,https://cafe.daum.net/meetpeople/HoUW/220447,2026-07-06
220445,미국산 목전지 판매합니다.,미래소년K,26.07.02,https://cafe.daum.net/meetpeople/HoUW/220445,2026-07-06
220444,스미스필드 18079 목전지 판매합니다.,산들99,26.07.02,https://cafe.daum.net/meetpeople/HoUW/220444,2026-07-06
220443,스페인 팍사 삼겹 판매합니다,박현서,26.07.02,https://cafe.daum.net/meetpeople/HoUW/220443,2026-07-06
220442,[냉장] ibp pr 알목심 판매합니다.,김기홍,26.07.02,https://cafe.daum.net/meetpeople/HoUW/220442,2026-07-06
220440,오마하 사골 판매합니다,장사꾼의딸,26.07.02,https://cafe.daum.net/meetpeople/HoUW/220440,2026-07-06
220439,엑셀 un 양지늑간 판매합니다.,도라에몽,26.07.02,https://cafe.daum.net/meetpeople/HoUW/220439,2026-07-06
220437,엑셀 냉동 CH 안창 판매합니다,막앙네,26.07.02,https://cafe.daum.net/meetpeople/HoUW/220437,2026-07-06
220434,호주산 냉동 A등심(립아이) 판매 합니다.,(주)에이브이미트 신길수,26.07.02,https://cafe.daum.net/meetpeople/HoUW/220434,2026-07-06
220432,엑셀 스지 판매 합니다,가빠,26.07.02,https://cafe.daum.net/meetpeople/HoUW/220432,2026-07-06
220429,국내산 덜미살 판매 합니다,큰고양이,26.07.02,https://cafe.daum.net/meetpeople/HoUW/220429,2026-07-06
220428,미국산 스미스필드 320M 목전지 판매합니다!!,(주)카니발푸드_홍경남,26.07.02,https://cafe.daum.net/meetpeople/HoUW/220428,2026-07-06
220427,WR RESERVE 척BBQ 판매합니다.,하나프라임 박동찬,26.07.02,https://cafe.daum.net/meetpeople/HoUW/220427,2026-07-06
220426,프리빈(FRIBIN) 항정 판매합니다,(주)더한양 최진우,26.07.02,https://cafe.daum.net/meetpeople/HoUW/220426,2026-07-06
220425,헤리스렌치ch갈비 판매합니다,이재욱,26.07.02,https://cafe.daum.net/meetpeople/HoUW/220425,2026-07-06
220424,팜랜드 (미국산) 413 스페어립 판매합니다,유어초이쓰,26.07.02,https://cafe.daum.net/meetpeople/HoUW/220424,2026-07-06
220423,스페인 골든듀록 삼겹 판매합니다,가산최프로,26.07.02,https://cafe.daum.net/meetpeople/HoUW/220423,2026-07-06
220422,메이플 목뼈(1A) 판매합니다.,에누리,26.07.02,https://cafe.daum.net/meetpeople/HoUW/220422,2026-07-06
220418,바텔가부리(스페인) 판매합니다~!!,이시스,26.07.02,https://cafe.daum.net/meetpeople/HoUW/220418,2026-07-06
220417,삼겹살 코엑스카 (COEXCA) 판매합니다,슬이삼촌,26.07.02,https://cafe.daum.net/meetpeople/HoUW/220417,2026-07-06
220416,미국산 SEABAORD(시보드) 로인립 판매합니다,김동현,26.07.02,https://cafe.daum.net/meetpeople/HoUW/220416,2026-07-06
220414,키니톤 장족 판매합니다.,(주)썬프라임 이부장,26.07.02,https://cafe.daum.net/meetpeople/HoUW/220414,2026-07-06
220413,호주 빈다리 S 우목뼈,(주)제이알미트 황정록,26.07.02,https://cafe.daum.net/meetpeople/HoUW/220413,2026-07-06
220412,하비깐양 정리합니다.,서버밴,26.07.02,https://cafe.daum.net/meetpeople/HoUW/220412,2026-07-06
220411,[스페인] 파텔 로인립 - 유기 임박 저가 판매!!,정경의 파이프,26.07.02,https://cafe.daum.net/meetpeople/HoUW/220411,2026-07-06
220410,스위프트 목전지 판매합니다!,(주)미성피앤비 한준규,26.07.02,https://cafe.daum.net/meetpeople/HoUW/220410,2026-07-06
220409,"저렴한 목살 판매합니다,스페인",장구지계,26.07.02,https://cafe.daum.net/meetpeople/HoUW/220409,2026-07-06
220408,갈비 스위프트 프라임 1311 28.5kg 판매중입니다(스펙사진참고),(주)굿팜코리아,26.07.02,https://cafe.daum.net/meetpeople/HoUW/220408,2026-07-06
220407,미국산 동결 CH 채끝 판매합니다.,코와이드밸리,26.07.02,https://cafe.daum.net/meetpeople/HoUW/220407,2026-07-06
220406,오스트리아산 삼겹살 저렴히 판매합니다,와이제이,26.07.02,https://cafe.daum.net/meetpeople/HoUW/220406,2026-07-06
220405,냉장 호주산 와규 갈비본살 판매합니다.,대동호야,26.07.02,https://cafe.daum.net/meetpeople/HoUW/220405,2026-07-06
220404,시에라 닭가슴살 판매합니다,에이젯광주 백윤주,26.07.02,https://cafe.daum.net/meetpeople/HoUW/220404,2026-07-06
220402,캐나다 돈등심,즐라탄,26.07.02,https://cafe.daum.net/meetpeople/HoUW/220402,2026-07-06
220401,그리니아 양깃머리 팝니다,새솔미트,26.07.02,https://cafe.daum.net/meetpeople/HoUW/220401,2026-07-06
220398,목심 ECT*A*판매합니다,로드박상균,26.07.02,https://cafe.daum.net/meetpeople/HoUW/220398,2026-07-06
220397,콤팍소 미사태 판매합니다,승리선택,26.07.02,https://cafe.daum.net/meetpeople/HoUW/220397,2026-07-06
220396,ibp 냉동 프라임 갈비본살 판매합니다,금돼지,26.07.02,https://cafe.daum.net/meetpeople/HoUW/220396,2026-07-06
220395,마쳐 삼겹(3P/프라임) 판매합니다,미래푸드 오제호,26.07.02,https://cafe.daum.net/meetpeople/HoUW/220395,2026-07-06
220394,EXCEL 사골 판매합니다,AZ독산 김남학,26.07.02,https://cafe.daum.net/meetpeople/HoUW/220394,2026-07-06
220393,캐나다 알목심 판매합니다,럭키,26.07.02,https://cafe.daum.net/meetpeople/HoUW/220393,2026-07-06
220389,호주 스텐브룩 곡물 왕/쪽사골 판매합니다,뇽뇽,26.07.02,https://cafe.daum.net/meetpeople/HoUW/220389,2026-07-06
220388,치코듀록 항정 판매합니다,김동구,26.07.02,https://cafe.daum.net/meetpeople/HoUW/220388,2026-07-06
220387,SEABAORD(시보드)목전지 판매합니다.,나인미라클-이정민,26.07.02,https://cafe.daum.net/meetpeople/HoUW/220387,2026-07-06
220384,퇴니스 삼겹 팝니다.,권혁만,26.07.02,https://cafe.daum.net/meetpeople/HoUW/220384,2026-07-06
220383,파텔 목전지 판매합니다.~~^^,하이미트(주),26.07.02,https://cafe.daum.net/meetpeople/HoUW/220383,2026-07-06
220381,독일 삼겹 판매합니다,육팔구통상(주)현기환,26.07.02,https://cafe.daum.net/meetpeople/HoUW/220381,2026-07-06
220380,호주산 와규 소고기 스틱(초밥용) 판매합니다,주니푸드,26.07.02,https://cafe.daum.net/meetpeople/HoUW/220380,2026-07-06
220378,IBP 245J 삼겹양지 판매합니다.,탁운호,26.07.02,https://cafe.daum.net/meetpeople/HoUW/220378,2026-07-06
220377,벨기에 미니족 판매합니다,바른용준씨,26.07.02,https://cafe.daum.net/meetpeople/HoUW/220377,2026-07-06
220376,호주산 85CL 포쿼터(잡육) 판매합니다.,노닉넴,26.07.02,https://cafe.daum.net/meetpeople/HoUW/220376,2026-07-06
220375,EXCEL 백립 A 93번 판매합니다.,고기를먹자,26.07.02,https://cafe.daum.net/meetpeople/HoUW/220375,2026-07-06
220374,팍사 듀록삼겹 판매합니다,twins2013,26.07.02,https://cafe.daum.net/meetpeople/HoUW/220374,2026-07-06
220372,리테라 미추리삼겹 판매합니다.,레인보우미트,26.07.02,https://cafe.daum.net/meetpeople/HoUW/220372,2026-07-06
220371,칠레산 돈 등뼈 판매합니다,(주) 우리와푸드 [박순용],26.07.02,https://cafe.daum.net/meetpeople/HoUW/220371,2026-07-06
220368,코엑스카 목뼈 판매합니다.,정식,26.07.02,https://cafe.daum.net/meetpeople/HoUW/220368,2026-07-06
220367,호주산 AMH GF 235 우둔 판매합니다.,제이알미트 김효영,26.07.02,https://cafe.daum.net/meetpeople/HoUW/220367,2026-07-06
220365,엘포조 막창 판매합니다,슈퍼초코송이,26.07.02,https://cafe.daum.net/meetpeople/HoUW/220365,2026-07-06
220364,엑셀 조각늑간 판매합니다,(주)미트이노베이션,26.07.02,https://cafe.daum.net/meetpeople/HoUW/220364,2026-07-06
220362,스페인산 파텔 미니족 판매합니다!!,김영재,26.07.02,https://cafe.daum.net/meetpeople/HoUW/220362,2026-07-06
220359,독일상 미니족 판매합니다.,정솔 이사,26.07.02,https://cafe.daum.net/meetpeople/HoUW/220359,2026-07-06
220358,웨스트포트 하이암퇘지 삼겹 판매합니다,미코상사,26.07.01,https://cafe.daum.net/meetpeople/HoUW/220358,2026-07-06
220357,스페인산 파텔(PATEL) 듀록개별/일반진공4P진공 이겹살 판매합니다,가온(양태환),26.07.01,https://cafe.daum.net/meetpeople/HoUW/220357,2026-07-06
220356,미국산 SMITHFIELD 717M 돈목살 판매합니다,김유군,26.07.01,https://cafe.daum.net/meetpeople/HoUW/220356,2026-07-06
220354,시보드 (미국) 목뼈 46071 판매합니다.,(주) 우리와푸드 [박순용],26.07.01,https://cafe.daum.net/meetpeople/HoUW/220354,2026-07-06
220353,미티백립 SWIFT 판매합니다.,(주)미트프로,26.07.01,https://cafe.daum.net/meetpeople/HoUW/220353,2026-07-06
220351,스위프트 목전지(미국) 판매합니다,(주)고기장푸드 장정호,26.07.01,https://cafe.daum.net/meetpeople/HoUW/220351,2026-07-06
220349,팜플로나 돈목살 판매합니다,금돼지,26.07.01,https://cafe.daum.net/meetpeople/HoUW/220349,2026-07-06
220348,AMH GF 170/235 진공 삼겹양지 판매합니다.,팜플러스,26.07.01,https://cafe.daum.net/meetpeople/HoUW/220348,2026-07-06
220347,스미스필드(SMITHFIELD) 18079 목전지 판매합니다.,(주)에이스푸드림_백승용,26.07.01,https://cafe.daum.net/meetpeople/HoUW/220347,2026-07-06
220346,마쳐 삼겹 3P 판매합니다.,정식,26.07.01,https://cafe.daum.net/meetpeople/HoUW/220346,2026-07-06
220345,얼라이언스(PS)스페어립 정리합니다.,서버밴,26.07.01,https://cafe.daum.net/meetpeople/HoUW/220345,2026-07-06
220344,알목심 AFG CH 미산 아주기흥,삼촌,26.07.01,https://cafe.daum.net/meetpeople/HoUW/220344,2026-07-06
220343,프리빈 돈학 판매합니다.,정솔 이사,26.07.01,https://cafe.daum.net/meetpeople/HoUW/220343,2026-07-06
220342,프랑스 스몰 로인립 판매합니다,포동포동,26.07.01,https://cafe.daum.net/meetpeople/HoUW/220342,2026-07-06
220341,미국산 SEABAORD(시보드) 로인립 판매합니다,김동현,26.07.01,https://cafe.daum.net/meetpeople/HoUW/220341,2026-07-06
220340,마쳐 삼겹(3P/프라임) 판매합니다,미래푸드 오제호,26.07.01,https://cafe.daum.net/meetpeople/HoUW/220340,2026-07-06
220338,스페인 리바쌈 항정,(주)제이알미트 황정록,26.07.01,https://cafe.daum.net/meetpeople/HoUW/220338,2026-07-06
220337,칠레산 미박삼겹 판매합니다!,(주)미성피앤비 한준규,26.07.01,https://cafe.daum.net/meetpeople/HoUW/220337,2026-07-06
220335,차돌박이 스위프트 3D CH/SE 판매중입니다,우크라이나미녀,26.07.01,https://cafe.daum.net/meetpeople/HoUW/220335,2026-07-06
220333,바텔가부리(스페인) 판매합니다~!!,이시스,26.07.01,https://cafe.daum.net/meetpeople/HoUW/220333,2026-07-06
220331,SEABAORD(시보드) 목전지 판매합니다.,나인미라클-이정민,26.07.01,https://cafe.daum.net/meetpeople/HoUW/220331,2026-07-06
220329,칠레고원돈무연골삼겹팝니다(판매완료),(주)더복,26.07.01,https://cafe.daum.net/meetpeople/HoUW/220329,2026-07-06
220328,아이오와 PR 냉장살치 저렴하게 정리합니다.,River Valley_반,26.07.01,https://cafe.daum.net/meetpeople/HoUW/220328,2026-07-06
220326,그린리아 등갈비 판매합니다.,(주)아이린인피니티,26.07.01,https://cafe.daum.net/meetpeople/HoUW/220326,2026-07-06
220325,teys 호주산 안심 판매합니다,보보,26.07.01,https://cafe.daum.net/meetpeople/HoUW/220325,2026-07-06
220324,국내산 덜미살 판매 합니다,큰고양이,26.07.01,https://cafe.daum.net/meetpeople/HoUW/220324,2026-07-06
220323,저렴하게 반루이(네덜란드) 목뼈 판매합니다.,에누리,26.07.01,https://cafe.daum.net/meetpeople/HoUW/220323,2026-07-06
220322,그리니아 B 갈비 팝니다,새솔미트,26.07.01,https://cafe.daum.net/meetpeople/HoUW/220322,2026-07-06
220321,amg a 목심 저렴하게 판매합니다.,오니,26.07.01,https://cafe.daum.net/meetpeople/HoUW/220321,2026-07-06
220320,애니맥스 전지(폴란드산) 판매합니다,에스엠미트,26.07.01,https://cafe.daum.net/meetpeople/HoUW/220320,2026-07-06
220319,wmpg s 늑간판매합니다,이재욱,26.07.01,https://cafe.daum.net/meetpeople/HoUW/220319,2026-07-06
220318,"항정 지속적으로 판매합니다(3mm, 0mm)스페인,사진첨부",장구지계,26.07.01,https://cafe.daum.net/meetpeople/HoUW/220318,2026-07-06
220317,스페인 골든듀록 삼겹 판매합니다,가산최프로,26.07.01,https://cafe.daum.net/meetpeople/HoUW/220317,2026-07-06
220314,호주산 와규 부채살 판매합니다.,세원푸드 여운열,26.07.01,https://cafe.daum.net/meetpeople/HoUW/220314,2026-07-06
220313,TBS 부채 적극 판매합니다.,하나프라임 박동찬,26.07.01,https://cafe.daum.net/meetpeople/HoUW/220313,2026-07-06
220312,테니스 삼겹 판매합니다.,에이젯 송광훈,26.07.01,https://cafe.daum.net/meetpeople/HoUW/220312,2026-07-06
220311,코엑스카 돈 가브리 팔아요,김승용,26.07.01,https://cafe.daum.net/meetpeople/HoUW/220311,2026-07-06
220310,국내산 냉동 돈후지 판매합니다,JN 김이사,26.07.01,https://cafe.daum.net/meetpeople/HoUW/220310,2026-07-06
220309,럭스 벨기에 미니족 판매합니다,승리선택,26.07.01,https://cafe.daum.net/meetpeople/HoUW/220309,2026-07-06
220308,올리멜(OLYMEL) 로인립 판매합니다,(주)더한양 최진우,26.07.01,https://cafe.daum.net/meetpeople/HoUW/220308,2026-07-06
220307,호주산 와규 우채썰기 판매합니다.,주니푸드,26.07.01,https://cafe.daum.net/meetpeople/HoUW/220307,2026-07-06
220306,키니톤 장족 판매합니다.,(주)썬프라임 이부장,26.07.01,https://cafe.daum.net/meetpeople/HoUW/220306,2026-07-06
220305,[캐나다] 메이플 목전지 판매합니다.,정경의 파이프,26.07.01,https://cafe.daum.net/meetpeople/HoUW/220305,2026-07-06
220304,헝가리미트 삼겹 판매합니다,돼지껍데기,26.07.01,https://cafe.daum.net/meetpeople/HoUW/220304,2026-07-06
220303,OMC YP 부채 정리합니다.,자유인,26.07.01,https://cafe.daum.net/meetpeople/HoUW/220303,2026-07-06
220302,갈비 스위프트 3D CH/ SE 판매중입니다,(주)굿팜코리아,26.07.01,https://cafe.daum.net/meetpeople/HoUW/220302,2026-07-06
220301,IBP CAB 245C 동결진갈비 팝니다.,(주)가흥 정충국,26.07.01,https://cafe.daum.net/meetpeople/HoUW/220301,2026-07-06
220298,아프코 AFFCO 양깃머리 판매합니다,하늘통상 유도형,26.07.01,https://cafe.daum.net/meetpeople/HoUW/220298,2026-07-06
220297,SWIFT CH 3D 늑간 판매합니다.,팜플러스,26.07.01,https://cafe.daum.net/meetpeople/HoUW/220297,2026-07-06
220295,목심 ECT*A* 판매합니다,로드박상균,26.07.01,https://cafe.daum.net/meetpeople/HoUW/220295,2026-07-06
220293,CAVINESS 냉동 진갈비 판매합니다!!,정보석,26.07.01,https://cafe.daum.net/meetpeople/HoUW/220293,2026-07-06
220292,EXCEL 척갈비 CH 86R 판매합니다.,고기를먹자,26.07.01,https://cafe.daum.net/meetpeople/HoUW/220292,2026-07-06
220290,오키 차돌양지 팝니다,김동구,26.07.01,https://cafe.daum.net/meetpeople/HoUW/220290,2026-07-06
220289,호주산 홍두깨 판매합니다,럭키,26.07.01,https://cafe.daum.net/meetpeople/HoUW/220289,2026-07-06
220288,웨스트포트 전지 팝니다.,권혁만,26.07.01,https://cafe.daum.net/meetpeople/HoUW/220288,2026-07-06
220287,팍사 듀록삼겹 판매합니다,twins2013,26.07.01,https://cafe.daum.net/meetpeople/HoUW/220287,2026-07-06
220286,스넬맨 미니족 판매합니다.,거상푸드,26.07.01,https://cafe.daum.net/meetpeople/HoUW/220286,2026-07-06
220284,킬코이 척립본 판매합니다,에이젯 강경현,26.07.01,https://cafe.daum.net/meetpeople/HoUW/220284,2026-07-06
220283,벨기에 미니족 판매합니다,바른용준씨,26.07.01,https://cafe.daum.net/meetpeople/HoUW/220283,2026-07-06
220281,칠레산 코엑스카 진공 가브리살 판매합니다.,(주)노블푸드_남 성식,26.07.01,https://cafe.daum.net/meetpeople/HoUW/220281,2026-07-06
220278,미산목전지 판매합니다.,김태양,26.07.01,https://cafe.daum.net/meetpeople/HoUW/220278,2026-07-06
220276,리테라 무연골삼겹 판매합니다.,레인보우미트,26.07.01,https://cafe.daum.net/meetpeople/HoUW/220276,2026-07-06
220275,시몬 삼겹 中 판매합니다,슈퍼초코송이,26.07.01,https://cafe.daum.net/meetpeople/HoUW/220275,2026-07-06
220274,잉카롭사 돈등심 판매합니다.,용푸드 조봉구,26.07.01,https://cafe.daum.net/meetpeople/HoUW/220274,2026-07-06
220273,미국산 목전지 판매합니다.,미래소년K,26.07.01,https://cafe.daum.net/meetpeople/HoUW/220273,2026-07-06
220272,미국산 냉장살치 판매합니다,고기를 디자인하다,26.07.01,https://cafe.daum.net/meetpeople/HoUW/220272,2026-07-06
220271,루돌프 돈장족 판매합니다(오스트리아) ◈ ◈ ◈ ◈ ◈,큐미트,26.07.01,https://cafe.daum.net/meetpeople/HoUW/220271,2026-07-06
220270,엑셀 홍창 판매합니다.,(주)미트이노베이션,26.07.01,https://cafe.daum.net/meetpeople/HoUW/220270,2026-07-06
220267,핸들바우어 미박삼겹 판매합니다.,정솔 이사,26.07.01,https://cafe.daum.net/meetpeople/HoUW/220267,2026-07-06
220266,(미산) NB 삼겹양지 판매중입니다.,수입쇠고기,26.06.30,https://cafe.daum.net/meetpeople/HoUW/220266,2026-07-06
220265,미국산 SMITHFIELD 717M 돈목살 판매합니다,김유군,26.06.30,https://cafe.daum.net/meetpeople/HoUW/220265,2026-07-06
220263,미국산 EX/PR 동결진갈비 판매합니다.,산들99,26.06.30,https://cafe.daum.net/meetpeople/HoUW/220263,2026-07-06
220262,스페인 골든듀록 삼겹 판매합니다,가산최프로,26.06.30,https://cafe.daum.net/meetpeople/HoUW/220262,2026-07-06
220260,베슬러 삼겹 판매 합니다 !!,김승용,26.06.30,https://cafe.daum.net/meetpeople/HoUW/220260,2026-07-06
220259,돈오돌뼈(국산)판매합니다,사골조아,26.06.30,https://cafe.daum.net/meetpeople/HoUW/220259,2026-07-06
220258,스페인 알레한드로 듀록 미추리삼겹,(주)제이알미트 황정록,26.06.30,https://cafe.daum.net/meetpeople/HoUW/220258,2026-07-06
220257,IBP 목전지 판매합니다,부민 사나이,26.06.30,https://cafe.daum.net/meetpeople/HoUW/220257,2026-07-06
220256,호주산 MB1 동결우둔 판매 합니다 (CAP_OFF),(주)에이브이미트 신길수,26.06.30,https://cafe.daum.net/meetpeople/HoUW/220256,2026-07-06
220255,"WINGHAM 일반갈비 S,A 판매",나인0000,26.06.30,https://cafe.daum.net/meetpeople/HoUW/220255,2026-07-06
220252,[스페인] 파텔 로인립 - 유기 임박 저가 판매!!,정경의 파이프,26.06.30,https://cafe.daum.net/meetpeople/HoUW/220252,2026-07-06
220251,인카롭사 듀록 50% 정삼겹 판매합니다.,(주)에이피스,26.06.30,https://cafe.daum.net/meetpeople/HoUW/220251,2026-07-06
220250,오끼 곡물꼬리 판매합니다.!!!!,서버밴,26.06.30,https://cafe.daum.net/meetpeople/HoUW/220250,2026-07-06
220249,미산 엔비 프라임 알목심 판매합니다,박현서,26.06.30,https://cafe.daum.net/meetpeople/HoUW/220249,2026-07-06
220248,오스트리아 마쳐 프라임 삼겹 판매합니다!!,김영재,26.06.30,https://cafe.daum.net/meetpeople/HoUW/220248,2026-07-06
220246,칠레산 돈막창 판매합니다!,(주)미성피앤비 한준규,26.06.30,https://cafe.daum.net/meetpeople/HoUW/220246,2026-07-06
220245,그리니아 PS 갈비 팝니다,새솔미트,26.06.30,https://cafe.daum.net/meetpeople/HoUW/220245,2026-07-06
220244,EXCEL 86R 백립 판매합니다.,다우푸드,26.06.30,https://cafe.daum.net/meetpeople/HoUW/220244,2026-07-06
220242,IBP(미국) 돈 전지(진공) 판매합니다.,(주)고기장푸드 장정호,26.06.30,https://cafe.daum.net/meetpeople/HoUW/220242,2026-07-06
220241,스페인 아비뇨 뼈삼겹 판매합니다.,부민축산 구대철,26.06.30,https://cafe.daum.net/meetpeople/HoUW/220241,2026-07-06
220240,미국산 SEABAORD(시보드) 로인립 판매합니다,김동현,26.06.30,https://cafe.daum.net/meetpeople/HoUW/220240,2026-07-06
220238,메이플 목뼈(1A) 판매합니다.,에누리,26.06.30,https://cafe.daum.net/meetpeople/HoUW/220238,2026-07-06
220236,"바텔로인립(K25,K45) 판매합니다~!!",이시스,26.06.30,https://cafe.daum.net/meetpeople/HoUW/220236,2026-07-06
220235,잉카롭사(INCARLOPSA) 삼겹 판매합니다,(주)더한양 최진우,26.06.30,https://cafe.daum.net/meetpeople/HoUW/220235,2026-07-06
220232,IBP 냉동늑간 판매합니다.,(주)제이팜컴퍼니,26.06.30,https://cafe.daum.net/meetpeople/HoUW/220232,2026-07-06
220231,냉장 엑셀 CH 살치 정리합니다.,근자필성,26.06.30,https://cafe.daum.net/meetpeople/HoUW/220231,2026-07-06
220230,키니톤 장족 판매합니다.,(주)썬프라임 이부장,26.06.30,https://cafe.daum.net/meetpeople/HoUW/220230,2026-07-06
220229,SWIFT 벌크전지 판매합니다.,노닉넴,26.06.30,https://cafe.daum.net/meetpeople/HoUW/220229,2026-07-06
220228,그린리아 Bull 3 Rib (8-10) 판매합니다.,(주)아이린인피니티,26.06.30,https://cafe.daum.net/meetpeople/HoUW/220228,2026-07-06
220227,티칸 돈등심 판매합니다,우성미트인터내셔널,26.06.30,https://cafe.daum.net/meetpeople/HoUW/220227,2026-07-06
220226,SEABAORD(시보드)목전지 판매합니다.,나인미라클-이정민,26.06.30,https://cafe.daum.net/meetpeople/HoUW/220226,2026-07-06
220225,오스트리아산 삼겹살 판매합니다.,세원푸드 여운열,26.06.30,https://cafe.daum.net/meetpeople/HoUW/220225,2026-07-06
220224,"스펙사진 첨부 항정살 판매합니다,스페인",장구지계,26.06.30,https://cafe.daum.net/meetpeople/HoUW/220224,2026-07-06
220223,국내 냉동 돈후지 판매합니다,해금축산,26.06.30,https://cafe.daum.net/meetpeople/HoUW/220223,2026-07-06
220221,스위프트 3d 삼겹양지 판매합니다.,다토끼라,26.06.30,https://cafe.daum.net/meetpeople/HoUW/220221,2026-07-06
220219,뉴질랜드 PS갈비 정리합니다,미트시즌,26.06.30,https://cafe.daum.net/meetpeople/HoUW/220219,2026-07-06
220218,목심 ECT*A*판매합니다,로드박상균,26.06.30,https://cafe.daum.net/meetpeople/HoUW/220218,2026-07-06
220217,미국산 목전지 판매합니다.,미래소년K,26.06.30,https://cafe.daum.net/meetpeople/HoUW/220217,2026-07-06
220216,86M 프라임 일반갈비 7박스(마장매장),kkangbagu,26.06.30,https://cafe.daum.net/meetpeople/HoUW/220216,2026-07-06
220215,하이마운틴 삼겹 판매합니다(오스트리아) ◈ ◈ ◈ ◈ ◈,큐미트,26.06.30,https://cafe.daum.net/meetpeople/HoUW/220215,2026-07-06
220213,호멜 돈학 판매합니다,twins2013,26.06.30,https://cafe.daum.net/meetpeople/HoUW/220213,2026-07-06
220212,국내산 냉동 돈전지 판매합니다,JN 김이사,26.06.30,https://cafe.daum.net/meetpeople/HoUW/220212,2026-07-06
220211,IBP 척갈비 CH 판매합니다.,고기를먹자,26.06.30,https://cafe.daum.net/meetpeople/HoUW/220211,2026-07-06
220210,웨스트포트 전지팝니다 .,권혁만,26.06.30,https://cafe.daum.net/meetpeople/HoUW/220210,2026-07-06
220209,콤팍소 미박사태 판매합니다,승리선택,26.06.30,https://cafe.daum.net/meetpeople/HoUW/220209,2026-07-06
220207,마쳐 삼겹(3P/프라임) 판매합니다,미래푸드 오제호,26.06.30,https://cafe.daum.net/meetpeople/HoUW/220207,2026-07-06
220206,치코 듀록 삼겹 판매합니다.,김동구,26.06.30,https://cafe.daum.net/meetpeople/HoUW/220206,2026-07-06
220205,헝가리 삼겹 판매합니다,육팔구통상(주)현기환,26.06.30,https://cafe.daum.net/meetpeople/HoUW/220205,2026-07-06
220204,호주산 와규 소고기 스틱(초밥용) 판매합니다,주니푸드,26.06.30,https://cafe.daum.net/meetpeople/HoUW/220204,2026-07-06
220203,벨기에 미니족 판매합니다,바른용준씨,26.06.30,https://cafe.daum.net/meetpeople/HoUW/220203,2026-07-06
220202,"그리니아 PS, B 일반갈비 판매합니다",(주)카멜무역,26.06.30,https://cafe.daum.net/meetpeople/HoUW/220202,2026-07-06
220201,호주산 킬코이 곡물 제거양지 판매합니다!!,(주)카니발푸드_홍경남,26.06.30,https://cafe.daum.net/meetpeople/HoUW/220201,2026-07-06
220199,치코 듀록 목뼈 판매합니다,레인보우미트,26.06.30,https://cafe.daum.net/meetpeople/HoUW/220199,2026-07-06
220198,냉장 호주산 와규 살치 판매합니다,미트대명사 안병관,26.06.30,https://cafe.daum.net/meetpeople/HoUW/220198,2026-07-06
220196,블랙포크 삼겹 2종 판매합니다,슈퍼초코송이,26.06.30,https://cafe.daum.net/meetpeople/HoUW/220196,2026-07-06
220195,캐나다엑셀 51 #2백립 판매합니다,(주)미트이노베이션,26.06.30,https://cafe.daum.net/meetpeople/HoUW/220195,2026-07-06
220193,멕시코 항정살 판매합니다.,정솔 이사,26.06.30,https://cafe.daum.net/meetpeople/HoUW/220193,2026-07-06
220191,갈비 스위프트 969 CH 경인냉장,삼촌,26.06.29,https://cafe.daum.net/meetpeople/HoUW/220191,2026-07-06
220190,블랙포크 삼겹 판매합니다.,미코상사,26.06.29,https://cafe.daum.net/meetpeople/HoUW/220190,2026-07-06
220189,국내산 한우 냉동 갈비 판매합니다,kty271,26.06.29,https://cafe.daum.net/meetpeople/HoUW/220189,2026-07-06
220188,스페인산 리테라(LITERA) 돈목전지 판매합니다,가온(양태환),26.06.29,https://cafe.daum.net/meetpeople/HoUW/220188,2026-07-06
220187,미드필드 차돌양지s 판매합니다,왕춘삼,26.06.29,https://cafe.daum.net/meetpeople/HoUW/220187,2026-07-06
220186,마쳐 삼겹(3P/프라임) 판매합니다,미래푸드 오제호,26.06.29,https://cafe.daum.net/meetpeople/HoUW/220186,2026-07-06
220185,미국산 SMITHFIELD 717M 돈목살 판매합니다,김유군,26.06.29,https://cafe.daum.net/meetpeople/HoUW/220185,2026-07-06
220184,칠레산 고원돈 항정 판매합니다!,김영재,26.06.29,https://cafe.daum.net/meetpeople/HoUW/220184,2026-07-06
220183,스페인 골든듀록 삼겹 판매합니다,가산최프로,26.06.29,https://cafe.daum.net/meetpeople/HoUW/220183,2026-07-06
220182,칠레산 돈목뼈 판매합니다,(주)미성피앤비 한준규,26.06.29,https://cafe.daum.net/meetpeople/HoUW/220182,2026-07-06
220181,IBP 삼겹양지 UN 판매합니다~!,김승용,26.06.29,https://cafe.daum.net/meetpeople/HoUW/220181,2026-07-06
220180,CREEKSTONE 백립 판매합니다!!,정보석,26.06.29,https://cafe.daum.net/meetpeople/HoUW/220180,2026-07-06
220179,미국산 냉장 황제늑간 판매합니다,AZ독산 정호윤,26.06.29,https://cafe.daum.net/meetpeople/HoUW/220179,2026-07-06
220177,크릭스톤 MC CH 갈비판매합니다.,탁운호,26.06.29,https://cafe.daum.net/meetpeople/HoUW/220177,2026-07-06
220176,바텔로인립(스페인) 판매합니다~!!,이시스,26.06.29,https://cafe.daum.net/meetpeople/HoUW/220176,2026-07-06
220175,돈오돌뼈(국산)판매합니다,사골조아,26.06.29,https://cafe.daum.net/meetpeople/HoUW/220175,2026-07-06
220174,WR RESERVE 척BBQ 판매합니다.,하나프라임 박동찬,26.06.29,https://cafe.daum.net/meetpeople/HoUW/220174,2026-07-06
220172,팍사 무연골삼겹 판매합니다(스펙 /작업사진),MG티앤씨 김대신,26.06.29,https://cafe.daum.net/meetpeople/HoUW/220172,2026-07-06
220171,엑셀 k스지 판매 합니다,가빠,26.06.29,https://cafe.daum.net/meetpeople/HoUW/220171,2026-07-06
220170,코렌듀록 셀렉타 전지 저렴하게 판매합니다,하람아빠,26.06.29,https://cafe.daum.net/meetpeople/HoUW/220170,2026-07-06
220168,시보드 목전지 판매합니다.!!!!!!!!!!,와이엠통상(주),26.06.29,https://cafe.daum.net/meetpeople/HoUW/220168,2026-07-06
220167,국내산 한우 막내장 판매합니다(냉동),칸월드통상,26.06.29,https://cafe.daum.net/meetpeople/HoUW/220167,2026-07-06
220166,WR 백립 판매 합니다.,健康翰 大韓民國 畜産物 企業 　,26.06.29,https://cafe.daum.net/meetpeople/HoUW/220166,2026-07-06
220165,미국산 목전지 판매합니다.,미래소년K,26.06.29,https://cafe.daum.net/meetpeople/HoUW/220165,2026-07-06
220164,그리니아 홍두께 팝니다,새솔미트,26.06.29,https://cafe.daum.net/meetpeople/HoUW/220164,2026-07-06
220163,브라질 닭정육(S/L) 판매합니다,(주)엠비케이디,26.06.29,https://cafe.daum.net/meetpeople/HoUW/220163,2026-07-06
220161,헝가리 23 진공 4D 전지 판매합니다,승리선택,26.06.29,https://cafe.daum.net/meetpeople/HoUW/220161,2026-07-06
220160,저렴하게 반루이(네덜란드) 목뼈 판매합니다.,에누리,26.06.29,https://cafe.daum.net/meetpeople/HoUW/220160,2026-07-06
220159,헤리스렌치ch갈비 판매합니다,이재욱,26.06.29,https://cafe.daum.net/meetpeople/HoUW/220159,2026-07-06
220158,냉장 프라임(PR) 살치 판매합니다.,몽구맘,26.06.29,https://cafe.daum.net/meetpeople/HoUW/220158,2026-07-06
220157,미국산 스미스필드 돈등심 판매합니다.,산들99,26.06.29,https://cafe.daum.net/meetpeople/HoUW/220157,2026-07-06
220156,스위프트(미국) 진공 돈전지 판매합니다,(주)고기장푸드 장정호,26.06.29,https://cafe.daum.net/meetpeople/HoUW/220156,2026-07-06
220155,뼈삼겹 판매합니다~!,부민 사나이,26.06.29,https://cafe.daum.net/meetpeople/HoUW/220155,2026-07-06
220154,그린리아 등갈비 판매합니다.,(주)아이린인피니티,26.06.29,https://cafe.daum.net/meetpeople/HoUW/220154,2026-07-06
220153,국내산 냉동 돈등심 판매합니다.,세원푸드시스템 황홍길(마장),26.06.29,https://cafe.daum.net/meetpeople/HoUW/220153,2026-07-06
220152,"크릭스톤 cab mc, ct ch 갈비 팝니다",(주) 우리와푸드 [박순용],26.06.29,https://cafe.daum.net/meetpeople/HoUW/220152,2026-07-06
220151,쇼케이스 CH 동결 꽃갈비 판매합니다.,(주)미트하임 박기돈,26.06.29,https://cafe.daum.net/meetpeople/HoUW/220151,2026-07-06
220149,잉카롭사 돈등심 판매합니다.,용푸드 조봉구,26.06.29,https://cafe.daum.net/meetpeople/HoUW/220149,2026-07-06
220147,벨기에 미추리 판매합니다,바른사나이,26.06.29,https://cafe.daum.net/meetpeople/HoUW/220147,2026-07-06
220145,오키 GF/ANGUS 홍두깨 팝니다.,김동구,26.06.29,https://cafe.daum.net/meetpeople/HoUW/220145,2026-07-06
220143,"막창 저렴하게 판매합니다,스페인,사진첨부",장구지계,26.06.29,https://cafe.daum.net/meetpeople/HoUW/220143,2026-07-06
220142,호주산 KILCOY(킬코이) GF 홍두&#44704; 판매합니다,김동현,26.06.29,https://cafe.daum.net/meetpeople/HoUW/220142,2026-07-06
220141,"NBP (냉장) pr, ch 알목심 정리 중 입니다~!",방용,26.06.29,https://cafe.daum.net/meetpeople/HoUW/220141,2026-07-06
220140,EX PR 냉장 살치,(주)어흥 이재명,26.06.29,https://cafe.daum.net/meetpeople/HoUW/220140,2026-07-06
220138,프리빈(FRIBIN) 항정 판매합니다,(주)더한양 최진우,26.06.29,https://cafe.daum.net/meetpeople/HoUW/220138,2026-07-06
220137,키니톤 장족 판매합니다.,(주)썬프라임 이부장,26.06.29,https://cafe.daum.net/meetpeople/HoUW/220137,2026-07-06
220136,SEABAORD(시보드) 목전지 판매합니다,나인미라클-이정민,26.06.29,https://cafe.daum.net/meetpeople/HoUW/220136,2026-07-06
220135,아베라삼겹 팝니다.,권혁만,26.06.29,https://cafe.daum.net/meetpeople/HoUW/220135,2026-07-06
220134,파텔 삼겹 판매합니다,미트앤라이프삐옹스,26.06.29,https://cafe.daum.net/meetpeople/HoUW/220134,2026-07-06
220133,미국산장각(필그림)판매 합니다.,메이크앤쿡,26.06.29,https://cafe.daum.net/meetpeople/HoUW/220133,2026-07-06
220132,목심 ECT*A* 판매합니다,로드박상균,26.06.29,https://cafe.daum.net/meetpeople/HoUW/220132,2026-07-06
220131,냉장 스위프트 살치 판매합니다,미트대명사 안병관,26.06.29,https://cafe.daum.net/meetpeople/HoUW/220131,2026-07-06
220130,아프코 AFFCO 양깃머리 판매합니다,하늘통상 유도형,26.06.29,https://cafe.daum.net/meetpeople/HoUW/220130,2026-07-06
220129,벨기에 미니족 판매합니다,바른용준씨,26.06.29,https://cafe.daum.net/meetpeople/HoUW/220129,2026-07-06
220128,오키 차돌양지 판매합니다~!,사계절,26.06.29,https://cafe.daum.net/meetpeople/HoUW/220128,2026-07-06
220126,호주산 설깃 판매합니다,럭키,26.06.29,https://cafe.daum.net/meetpeople/HoUW/220126,2026-07-06
220125,호주산 GBP 볼살 판매 합니다.,줄리엔-원선,26.06.29,https://cafe.daum.net/meetpeople/HoUW/220125,2026-07-06
220122,칠레산 맥스아그로 진공 항정살 판매합니다.,(주)노블푸드_남 성식,26.06.29,https://cafe.daum.net/meetpeople/HoUW/220122,2026-07-06
220121,호주산 동결 MB1 우둔 판매합니다. (CAP_OFF),(주)에이브이미트 신길수,26.06.29,https://cafe.daum.net/meetpeople/HoUW/220121,2026-07-06
220120,국내산 냉동 돈후지 판매합니다,JN 김이사,26.06.29,https://cafe.daum.net/meetpeople/HoUW/220120,2026-07-06
220117,"그리니아 PS, B 일반갈비 판매합니다",(주)카멜무역,26.06.29,https://cafe.daum.net/meetpeople/HoUW/220117,2026-07-06
220116,미국산 냉장 알목심 판매합니다.,대동호야,26.06.29,https://cafe.daum.net/meetpeople/HoUW/220116,2026-07-06
220115,베슬러 항정 판매합니다.,레인보우미트,26.06.29,https://cafe.daum.net/meetpeople/HoUW/220115,2026-07-06
220114,스페인 듀록삼겹 판매합니다,twins2013,26.06.29,https://cafe.daum.net/meetpeople/HoUW/220114,2026-07-06
220112,호주산 와규 우채썰기 판매합니다.,주니푸드,26.06.29,https://cafe.daum.net/meetpeople/HoUW/220112,2026-07-06
220111,마처 삼겹 3P 판매합니다.,정식,26.06.29,https://cafe.daum.net/meetpeople/HoUW/220111,2026-07-06
220109,국내산 육우 냉동정육 판매합니다,이재웅,26.06.29,https://cafe.daum.net/meetpeople/HoUW/220109,2026-07-06
220107,AMH A 늑간 판매합니다.,라온하늬,26.06.29,https://cafe.daum.net/meetpeople/HoUW/220107,2026-07-06
220105,베슬러(독일) 미니족 팝니다,고무고무,26.06.29,https://cafe.daum.net/meetpeople/HoUW/220105,2026-07-06
220104,엘포조 막창 판매합니다,슈퍼초코송이,26.06.29,https://cafe.daum.net/meetpeople/HoUW/220104,2026-07-06
220103,퇴니스 단족 판매합니다.,박영진팀장,26.06.29,https://cafe.daum.net/meetpeople/HoUW/220103,2026-07-06
220102,스페인 삼겹 판매합니다,육팔구통상(주)현기환,26.06.29,https://cafe.daum.net/meetpeople/HoUW/220102,2026-07-06
220099,스페인 돈등심 판매합니다.(쥬이아&프리셀바) ◈ ◈ ◈ ◈ ◈,큐미트,26.06.29,https://cafe.daum.net/meetpeople/HoUW/220099,2026-07-06
220098,엑셀 조각늑간 판매합니다,(주)미트이노베이션,26.06.29,https://cafe.daum.net/meetpeople/HoUW/220098,2026-07-06
220096,핸들바우어 삼겹 판매합니다.,정솔 이사,26.06.29,https://cafe.daum.net/meetpeople/HoUW/220096,2026-07-06
220095,알목심 AFG CH 아주기흥,삼촌,26.06.28,https://cafe.daum.net/meetpeople/HoUW/220095,2026-07-06
220094,아싸(AASA) 로인립 판매합니다 - 스펙사진 첨부 -,(주)더한양 최진우,26.06.27,https://cafe.daum.net/meetpeople/HoUW/220094,2026-07-06
220093,미국산 목전지 판매합니다.,미래소년K,26.06.26,https://cafe.daum.net/meetpeople/HoUW/220093,2026-07-06
220092,스위프트 양지안창 판매중입니다.,트랜서핑,26.06.26,https://cafe.daum.net/meetpeople/HoUW/220092,2026-07-06
220091,호주산 KILCOY(킬코이) GF 차돌양지 판매합니다,김유군,26.06.26,https://cafe.daum.net/meetpeople/HoUW/220091,2026-07-06
220087,시몬 中 삼겹 판매 합니다.,김승용,26.06.26,https://cafe.daum.net/meetpeople/HoUW/220087,2026-07-06
220086,바텔항정(스페인) 판매합니다~!!,이시스,26.06.26,https://cafe.daum.net/meetpeople/HoUW/220086,2026-07-06
220085,네덜란드 반루이 삼겹살 판매합니다,(주)엠비케이디,26.06.26,https://cafe.daum.net/meetpeople/HoUW/220085,2026-07-06
220084,SWIFT CH 969G 차돌백이 판매합니다.,팜플러스,26.06.26,https://cafe.daum.net/meetpeople/HoUW/220084,2026-07-06
220083,그리니아 B 갈비 팝니다,새솔미트,26.06.26,https://cafe.daum.net/meetpeople/HoUW/220083,2026-07-06
220082,EXCEL 86R BBQ 판매합니다,막앙네,26.06.26,https://cafe.daum.net/meetpeople/HoUW/220082,2026-07-06
220080,AMH S 볼라전각 판매합니다.,오니,26.06.26,https://cafe.daum.net/meetpeople/HoUW/220080,2026-07-06
220079,호주산 KILCOY(킬코이) GF 홍두&#44704; 판매합니다,김동현,26.06.26,https://cafe.daum.net/meetpeople/HoUW/220079,2026-07-06
220078,시보드 목전지 판매합니다.!!!!!!!!!!,와이엠통상(주),26.06.26,https://cafe.daum.net/meetpeople/HoUW/220078,2026-07-06
220077,오마하 너클본 판매합니다,고기연구소 조의진,26.06.26,https://cafe.daum.net/meetpeople/HoUW/220077,2026-07-06
220076,잉카롭사(INCARLOPSA) 듀록 삼겹 판매합니다,(주)더한양 최진우,26.06.26,https://cafe.daum.net/meetpeople/HoUW/220076,2026-07-06
220075,AMH GF 384 꼬리 판매합니다.,에이젯푸드,26.06.26,https://cafe.daum.net/meetpeople/HoUW/220075,2026-07-06
220074,TRUE WEST 황제늑간 판매합니다!!,정보석,26.06.26,https://cafe.daum.net/meetpeople/HoUW/220074,2026-07-06
220073,웨스트포트 하이암퇘지 삼겹 판매합니다.,미코상사,26.06.26,https://cafe.daum.net/meetpeople/HoUW/220073,2026-07-06
220072,마쳐 삼겹(3P/프라임) 판매합니다,미래푸드 오제호,26.06.26,https://cafe.daum.net/meetpeople/HoUW/220072,2026-07-06
220071,"스펙사진첨부 막창 판매합니다,스페인(저렴)",장구지계,26.06.26,https://cafe.daum.net/meetpeople/HoUW/220071,2026-07-06
220070,크릭스톤 MC.CH 갈비판매합니다.,탁운호,26.06.26,https://cafe.daum.net/meetpeople/HoUW/220070,2026-07-06
220069,[미국] 냉동 프라임 알목심 [계약] 판매합니다.,정경의 파이프,26.06.26,https://cafe.daum.net/meetpeople/HoUW/220069,2026-07-06
220067,킬코이 우목뼈 정리합니다~,오락기,26.06.26,https://cafe.daum.net/meetpeople/HoUW/220067,2026-07-06
220066,루돌프 돈장족 판매합니다(오스트리아) ◈ ◈ ◈ ◈ ◈,큐미트,26.06.26,https://cafe.daum.net/meetpeople/HoUW/220066,2026-07-06
220063,목전지 씨보드 4P 아주기흥,삼촌,26.06.26,https://cafe.daum.net/meetpeople/HoUW/220063,2026-07-06
220062,*코스타푸드(스페인) 삼겹 판매합니다 *,(주)우성 김낙현,26.06.26,https://cafe.daum.net/meetpeople/HoUW/220062,2026-07-06
220061,90CL /볼살/ 랄프 판매합니다,로드박상균,26.06.26,https://cafe.daum.net/meetpeople/HoUW/220061,2026-07-06
220058,ACC 일반갈비 GF 239 판매합니다.,아슬란 박주열,26.06.26,https://cafe.daum.net/meetpeople/HoUW/220058,2026-07-06
220057,키니톤 장족 판매합니다.,(주)썬프라임 이부장,26.06.26,https://cafe.daum.net/meetpeople/HoUW/220057,2026-07-06
220056,AMH S 262 부채 판매합니다.,몽구맘,26.06.26,https://cafe.daum.net/meetpeople/HoUW/220056,2026-07-06
220054,호주산 비프시티 MB1 동결우둔 판매합니다.,(주)에이브이미트 신길수,26.06.26,https://cafe.daum.net/meetpeople/HoUW/220054,2026-07-06
220053,국내산 냉동 돈후지 판매합니다,JN 김이사,26.06.26,https://cafe.daum.net/meetpeople/HoUW/220053,2026-07-06
220052,SEABAORD(시보드) 목전지 판매합니다.,나인미라클-이정민,26.06.26,https://cafe.daum.net/meetpeople/HoUW/220052,2026-07-06
220051,NBP 냉장갈비 CAB 판매합니다.,대동호야,26.06.26,https://cafe.daum.net/meetpeople/HoUW/220051,2026-07-06
220049,스페인산 리테라 돈등심 판매합니다.,레인보우미트,26.06.26,https://cafe.daum.net/meetpeople/HoUW/220049,2026-07-06
220048,미국산 스위프트 3W 돈목뼈 판매합니다!!,(주)카니발푸드_홍경남,26.06.26,https://cafe.daum.net/meetpeople/HoUW/220048,2026-07-06
220045,호주산 와규 소고기 스틱(초밥용) 판매합니다,주니푸드,26.06.26,https://cafe.daum.net/meetpeople/HoUW/220045,2026-07-06
220044,냉장 호주산 와규 살치 판매합니다,미트대명사 안병관,26.06.26,https://cafe.daum.net/meetpeople/HoUW/220044,2026-07-06
220043,캐나다 알목심 판매합니다,럭키,26.06.26,https://cafe.daum.net/meetpeople/HoUW/220043,2026-07-06
220042,호멜 돈학 판매합니다,twins2013,26.06.26,https://cafe.daum.net/meetpeople/HoUW/220042,2026-07-06
220041,그리니아 양깃머리 700 판매합니다,(주)카멜무역,26.06.26,https://cafe.daum.net/meetpeople/HoUW/220041,2026-07-06
220040,콤팍소 미박사태 판매합니다,승리선택,26.06.26,https://cafe.daum.net/meetpeople/HoUW/220040,2026-07-06
220039,벨기에 미니족 판매합니다,바른용준씨,26.06.26,https://cafe.daum.net/meetpeople/HoUW/220039,2026-07-06
220037,EXCEL 냉동 살치 CH 86K 판매합니다.,고기를먹자,26.06.26,https://cafe.daum.net/meetpeople/HoUW/220037,2026-07-06
220036,놀란 beef 절단사골,(주)어흥 이재명,26.06.26,https://cafe.daum.net/meetpeople/HoUW/220036,2026-07-06
220035,시몬삼겹 팝니다.,권혁만,26.06.26,https://cafe.daum.net/meetpeople/HoUW/220035,2026-07-06
220034,호주산 GBP 볼살 판매 합니다.,줄리엔-원선,26.06.26,https://cafe.daum.net/meetpeople/HoUW/220034,2026-07-06
220032,마처 3p 삼겹 판매합니다,정식,26.06.26,https://cafe.daum.net/meetpeople/HoUW/220032,2026-07-06
220031,시몬 삼겹 中 판매합니다,슈퍼초코송이,26.06.26,https://cafe.daum.net/meetpeople/HoUW/220031,2026-07-06
220030,돈오돌뼈(국산)판매합니다,사골조아,26.06.26,https://cafe.daum.net/meetpeople/HoUW/220030,2026-07-06
220028,독일 삼겹 판매합니다(사진),육팔구통상(주)현기환,26.06.26,https://cafe.daum.net/meetpeople/HoUW/220028,2026-07-06
220027,엑셀 홍창 판매합니다.,(주)미트이노베이션,26.06.26,https://cafe.daum.net/meetpeople/HoUW/220027,2026-07-06
220025,핸들바우어 삼겹 판매합니다.,정솔 이사,26.06.26,https://cafe.daum.net/meetpeople/HoUW/220025,2026-07-06
220022,미국산 SEABAORD(시보드)2P/4P 목전지 판매합니다,김동현,26.06.25,https://cafe.daum.net/meetpeople/HoUW/220022,2026-07-06
220021,네덜란드산 COMPAXO(콤팍소) 미추리삼겹 판매합니다,김유군,26.06.25,https://cafe.daum.net/meetpeople/HoUW/220021,2026-07-06
220019,벨기에 미박삼겹 판매합니다~!,부민 사나이,26.06.25,https://cafe.daum.net/meetpeople/HoUW/220019,2026-07-06
220018,헝가리 삼겹판매합니다(사진),육팔구통상(주)현기환,26.06.25,https://cafe.daum.net/meetpeople/HoUW/220018,2026-07-06
220017,사디아 전지 판매합니다!,굿스트레이딩 홍영진,26.06.25,https://cafe.daum.net/meetpeople/HoUW/220017,2026-07-06
220016,쇼케이스 562M CH 갈비 판매합니다,김준민,26.06.25,https://cafe.daum.net/meetpeople/HoUW/220016,2026-07-06
220015,마쳐 삼겹(3P/프라임) 판매합니다,미래푸드 오제호,26.06.25,https://cafe.daum.net/meetpeople/HoUW/220015,2026-07-06
220014,미국산 엑셀 냉장 황제늑간 판매합니다,AZ독산 정호윤,26.06.25,https://cafe.daum.net/meetpeople/HoUW/220014,2026-07-06
220013,"바텔로인립(K25,K45) 판매합니다~!!",이시스,26.06.25,https://cafe.daum.net/meetpeople/HoUW/220013,2026-07-06
220011,티스 S 설도 판매합니다.,악성잡는놈,26.06.25,https://cafe.daum.net/meetpeople/HoUW/220011,2026-07-06
220010,놀란 끝목심 팝니다(판매완료),진갈비,26.06.25,https://cafe.daum.net/meetpeople/HoUW/220010,2026-07-06
220009,"IBP CH,UN 냉동늑간 판매합니다.",(주)제이팜컴퍼니,26.06.25,https://cafe.daum.net/meetpeople/HoUW/220009,2026-07-06
220007,미국 엑셀 86k 홍창 2027.03.17 / 2027.06.01 (저렴하게 팔아봅니다),(주)제이알미트 황정록,26.06.25,https://cafe.daum.net/meetpeople/HoUW/220007,2026-07-06
220005,엑셀 86k 스지 판매합니다,가빠,26.06.25,https://cafe.daum.net/meetpeople/HoUW/220005,2026-07-06
220004,스페인 아비뇨 뼈삼겹 판매합니다.,부민축산 구대철,26.06.25,https://cafe.daum.net/meetpeople/HoUW/220004,2026-07-06
220001,하비등갈비 정리합니다.!!!!,서버밴,26.06.25,https://cafe.daum.net/meetpeople/HoUW/220001,2026-07-06
220000,오스트리아 마쳐 프라임 삼겹 판매합니다!!,김영재,26.06.25,https://cafe.daum.net/meetpeople/HoUW/220000,2026-07-06
219998,IBP 냉장 PR 갈비본살 판매합니다.,고기연구소 조의진,26.06.25,https://cafe.daum.net/meetpeople/HoUW/219998,2026-07-06
219997,그리니아 3립-B 갈비팝니다,새솔미트,26.06.25,https://cafe.daum.net/meetpeople/HoUW/219997,2026-07-06
219996,EXCEL 86R 스지 임박분 판매합니다.,캐틀팜 박지수,26.06.25,https://cafe.daum.net/meetpeople/HoUW/219996,2026-07-06
219995,키니톤 장족 판매합니다.,(주)썬프라임 이부장,26.06.25,https://cafe.daum.net/meetpeople/HoUW/219995,2026-07-06
219994,"돈위,오소리감투 정리합니다,네델란드",장구지계,26.06.25,https://cafe.daum.net/meetpeople/HoUW/219994,2026-07-06
219993,칠레산 미추리 판매합니다!,(주)미성피앤비 한준규,26.06.25,https://cafe.daum.net/meetpeople/HoUW/219993,2026-07-06
219992,코엑스카(칠레) 돈 전지 판매합니다.,(주)고기장푸드 장정호,26.06.25,https://cafe.daum.net/meetpeople/HoUW/219992,2026-07-06
219991,냉장 호주산 와규 진갈비 판매합니다,미트대명사 안병관,26.06.25,https://cafe.daum.net/meetpeople/HoUW/219991,2026-07-06
219990,하이마운틴 삼겹 판매합니다~!,뇽뇽,26.06.25,https://cafe.daum.net/meetpeople/HoUW/219990,2026-07-06
219987,마프리제스 벌크후지 판매합니다,(주)레이푸드트레이딩 고주현,26.06.25,https://cafe.daum.net/meetpeople/HoUW/219987,2026-07-06
219986,폴란드 대자 삼겹 (ANIMEX) 삼겹 팝니다. 사진有,(주) 우리와푸드 [박순용],26.06.25,https://cafe.daum.net/meetpeople/HoUW/219986,2026-07-06
219985,90CL /볼살 /랄프 판매합니다,로드박상균,26.06.25,https://cafe.daum.net/meetpeople/HoUW/219985,2026-07-06
219984,줄리아 돈등심 판매합니다,승리선택,26.06.25,https://cafe.daum.net/meetpeople/HoUW/219984,2026-07-06
219983,[캐나다] 메이플 목전지 적극 판매합니다.,정경의 파이프,26.06.25,https://cafe.daum.net/meetpeople/HoUW/219983,2026-07-06
219982,반루이 삼겹 판매합니다,박탱,26.06.25,https://cafe.daum.net/meetpeople/HoUW/219982,2026-07-06
219981,IBP CAB 245C 동결진갈비 팝니다.,(주)가흥 정충국,26.06.25,https://cafe.daum.net/meetpeople/HoUW/219981,2026-07-06
219980,오스트리아산 삼겹살 판매합니다.,세원푸드 여운열,26.06.25,https://cafe.daum.net/meetpeople/HoUW/219980,2026-07-06
219978,메이플 목뼈(1A) 판매합니다.,에누리,26.06.25,https://cafe.daum.net/meetpeople/HoUW/219978,2026-07-06
219977,WR RESERVE 척백립 판매합니다!!,정보석,26.06.25,https://cafe.daum.net/meetpeople/HoUW/219977,2026-07-06
219976,미산 목전지 판매합니다.,김태양,26.06.25,https://cafe.daum.net/meetpeople/HoUW/219976,2026-07-06
219975,인카롭사(INCARLOPSA) 듀록 이겹 판매합니다. 사진,MG티앤씨 김대신,26.06.25,https://cafe.daum.net/meetpeople/HoUW/219975,2026-07-06
219974,앞사태 사태 킬코이 1912 판매 합니다.,로렌,26.06.25,https://cafe.daum.net/meetpeople/HoUW/219974,2026-07-06
219973,호주산 와규 우채썰기 판매합니다.,주니푸드,26.06.25,https://cafe.daum.net/meetpeople/HoUW/219973,2026-07-06
219972,스페인 리테라 미추리삼겹 판매합니다.,레인보우미트,26.06.25,https://cafe.daum.net/meetpeople/HoUW/219972,2026-07-06
219970,치코 듀록 항정 판매합니다.,김동구,26.06.25,https://cafe.daum.net/meetpeople/HoUW/219970,2026-07-06
219969,스위프트 돈등심 판매합니다.!!!!!!,와이엠통상(주),26.06.25,https://cafe.daum.net/meetpeople/HoUW/219969,2026-07-06
219968,호주산 와규 설도 판매합니다,퍼스트미트 lee,26.06.25,https://cafe.daum.net/meetpeople/HoUW/219968,2026-07-06
219967,KILCOY(킬코이) GF 차돌양지 판매합니다,나인미라클-이정민,26.06.25,https://cafe.daum.net/meetpeople/HoUW/219967,2026-07-06
219966,우루과이 판도 목심 팝니다.,권혁만,26.06.25,https://cafe.daum.net/meetpeople/HoUW/219966,2026-07-06
219963,미국산 목전지 판매합니다.,미래소년K,26.06.25,https://cafe.daum.net/meetpeople/HoUW/219963,2026-07-06
219962,벨기에 미니족 판매합니다,바른용준씨,26.06.25,https://cafe.daum.net/meetpeople/HoUW/219962,2026-07-06
219961,스페인산 알레한드로 듀록 뼈삼겹 판매합니다!!,(주)카니발푸드_홍경남,26.06.25,https://cafe.daum.net/meetpeople/HoUW/219961,2026-07-06
219959,스페인 듀록삼겹 판매합니다,twins2013,26.06.25,https://cafe.daum.net/meetpeople/HoUW/219959,2026-07-06
219958,스미스필드 우대전지 판매합니다.,고기를먹자,26.06.25,https://cafe.daum.net/meetpeople/HoUW/219958,2026-07-06
219957,그리니아 PS 차돌양지 판매합니다,(주)카멜무역,26.06.25,https://cafe.daum.net/meetpeople/HoUW/219957,2026-07-06
219956,호주산 알전각 판매 합니다,健康翰 大韓民國 畜産物 企業 　,26.06.25,https://cafe.daum.net/meetpeople/HoUW/219956,2026-07-06
219955,벨기에 미니족 판매합니다,제일미트축산(주)-인천,26.06.25,https://cafe.daum.net/meetpeople/HoUW/219955,2026-07-06
219953,하이암퇘지 삼겹 판매합니다(네델란드) ◈ ◈ ◈ ◈ ◈,큐미트,26.06.25,https://cafe.daum.net/meetpeople/HoUW/219953,2026-07-06
219952,파텔(PATEL/스페인) 삼겹살 판매합니다.,곰뚱이,26.06.25,https://cafe.daum.net/meetpeople/HoUW/219952,2026-07-06
219951,리테라 삼겹 미박 판매합니다,슈퍼초코송이,26.06.25,https://cafe.daum.net/meetpeople/HoUW/219951,2026-07-06
219949,냉장 호주산 와규 살치살 판매합니다.,대동호야,26.06.25,https://cafe.daum.net/meetpeople/HoUW/219949,2026-07-06
219946,오스트리아 미박삼겹 판매합니다(사진),육팔구통상(주)현기환,26.06.25,https://cafe.daum.net/meetpeople/HoUW/219946,2026-07-06
219943,호주산 AMH GF 235 갈비 판매합니다.,제이알미트 김효영,26.06.25,https://cafe.daum.net/meetpeople/HoUW/219943,2026-07-06
219942,독일산 미니족 판매합니다.,정솔 이사,26.06.25,https://cafe.daum.net/meetpeople/HoUW/219942,2026-07-06
219941,티칸(TICAN) 삼겹 판매합니다,(주)더한양 최진우,26.06.25,https://cafe.daum.net/meetpeople/HoUW/219941,2026-07-06
219940,미국산 스미스필드(SMITHFIELD) 돈두 돼지머리 혀X 뽈살/귀O 판매합니다,가온(양태환),26.06.24,https://cafe.daum.net/meetpeople/HoUW/219940,2026-07-06
219939,"오스트리아 슈처프레쉬 대(5,0업) 중(5,0다운) 삼겹 판매합니다!",김영재,26.06.24,https://cafe.daum.net/meetpeople/HoUW/219939,2026-07-06
219938,IBP 245E CAB 갈비 팝니다.,김승용,26.06.24,https://cafe.daum.net/meetpeople/HoUW/219938,2026-07-06
219937,NB 네브라스카 프라임 알목심 판매합니다,박현서,26.06.24,https://cafe.daum.net/meetpeople/HoUW/219937,2026-07-06
219936,아프코 헤드미트 판매합니다,미트앤라이프삐옹스,26.06.24,https://cafe.daum.net/meetpeople/HoUW/219936,2026-07-06
219934,브라질 조각정육 판매합니다,오싱,26.06.24,https://cafe.daum.net/meetpeople/HoUW/219934,2026-07-06
219933,스페인 대자 삼겹 (FACCSA) 삼겹 팝니다. 사진有,(주) 우리와푸드 [박순용],26.06.24,https://cafe.daum.net/meetpeople/HoUW/219933,2026-07-06
219932,쥬이아 로인립 판매합니다.,팜플러스,26.06.24,https://cafe.daum.net/meetpeople/HoUW/219932,2026-07-06
219931,NB PR 알목심 판매합니다,진갈비,26.06.24,https://cafe.daum.net/meetpeople/HoUW/219931,2026-07-06
219929,마쳐 삼겹(3P/프라임) 판매합니다,미래푸드 오제호,26.06.24,https://cafe.daum.net/meetpeople/HoUW/219929,2026-07-06
219928,헤리스렌치ch갈비 판매합니다,이재욱,26.06.24,https://cafe.daum.net/meetpeople/HoUW/219928,2026-07-06
219927,미국산 목전지 판매합니다.,미래소년K,26.06.24,https://cafe.daum.net/meetpeople/HoUW/219927,2026-07-06
219926,IBP목전지 판매합니다,주식회사 더베테랑,26.06.24,https://cafe.daum.net/meetpeople/HoUW/219926,2026-07-06
219925,5 STAR BBQ백립 판매합니다.,에이젯 송광훈,26.06.24,https://cafe.daum.net/meetpeople/HoUW/219925,2026-07-06
219924,"바텔로인립(K25,K45) 판매합니다~!!",이시스,26.06.24,https://cafe.daum.net/meetpeople/HoUW/219924,2026-07-06
219922,리테라미트 진공전지 물량 판매합니다,(주)레이푸드트레이딩 고주현,26.06.24,https://cafe.daum.net/meetpeople/HoUW/219922,2026-07-06
219920,호주산 알전각 판매 합니다,健康翰 大韓民國 畜産物 企業 　,26.06.24,https://cafe.daum.net/meetpeople/HoUW/219920,2026-07-06
219918,코네스토가 돈학 판매합니다.,(주)비앙드 배진성,26.06.24,https://cafe.daum.net/meetpeople/HoUW/219918,2026-07-06
219917,ACC YG 239 일반갈비 판매합니다.,김상진(주)파인미트,26.06.24,https://cafe.daum.net/meetpeople/HoUW/219917,2026-07-06
219916,호주산 부채살 팝니다.!!!!,서버밴,26.06.24,https://cafe.daum.net/meetpeople/HoUW/219916,2026-07-06
219914,리테라 진공 삼겹3P 판매합니다,승리선택,26.06.24,https://cafe.daum.net/meetpeople/HoUW/219914,2026-07-06
219913,미국산 스미스필드 돈등심 판매합니다.,산들99,26.06.24,https://cafe.daum.net/meetpeople/HoUW/219913,2026-07-06
219912,WMPG A 빽립 판매합니다,다토끼라,26.06.24,https://cafe.daum.net/meetpeople/HoUW/219912,2026-07-06
219911,그리니아 부채살 팝니다,새솔미트,26.06.24,https://cafe.daum.net/meetpeople/HoUW/219911,2026-07-06
219910,AMP 양깃머리 700+ 팝니다,토미,26.06.24,https://cafe.daum.net/meetpeople/HoUW/219910,2026-07-06
219908,국내산 한우 3등급 암소 정육 판매합니다(냉동),칸월드통상,26.06.24,https://cafe.daum.net/meetpeople/HoUW/219908,2026-07-06
219907,5 STAR 알목심 판매합니다.,제니스미트 염승환,26.06.24,https://cafe.daum.net/meetpeople/HoUW/219907,2026-07-06
219906,저렴하게 반루이(네덜란드) 목뼈 판매합니다.,에누리,26.06.24,https://cafe.daum.net/meetpeople/HoUW/219906,2026-07-06
219905,그린햄 BEEF 3립 진공 갈비 판매합니다,전퍼플,26.06.24,https://cafe.daum.net/meetpeople/HoUW/219905,2026-07-06
219904,오키 GF/ANGUS 홍두깨 팝니다.,김동구,26.06.24,https://cafe.daum.net/meetpeople/HoUW/219904,2026-07-06
219903,베슬러 삼겹 판매합니다 (독일),박탱,26.06.24,https://cafe.daum.net/meetpeople/HoUW/219903,2026-07-06
219901,그린리아 등갈비 판매합니다.,(주)아이린인피니티,26.06.24,https://cafe.daum.net/meetpeople/HoUW/219901,2026-07-06
219898,엑셀 / 네셔날 (CH/PR) 냉장 살치 팝니다.,오샤,26.06.24,https://cafe.daum.net/meetpeople/HoUW/219898,2026-07-06
219897,하이암퇘지삼겹 팝니다.,권혁만,26.06.24,https://cafe.daum.net/meetpeople/HoUW/219897,2026-07-06
219896,냉장 미국산 갈비 판매합니다.,대동호야,26.06.24,https://cafe.daum.net/meetpeople/HoUW/219896,2026-07-06
219895,스위프트 목전지 판매합니다!,(주)미성피앤비 한준규,26.06.24,https://cafe.daum.net/meetpeople/HoUW/219895,2026-07-06
219894,[캐나다] 메이플 목전지 적극 판매합니다.,정경의 파이프,26.06.24,https://cafe.daum.net/meetpeople/HoUW/219894,2026-07-06
219893,SEABAORD(시보드) 목전지 판매합니다!,나인미라클-이정민,26.06.24,https://cafe.daum.net/meetpeople/HoUW/219893,2026-07-06
219891,킬코이 1912 백립 판매합니다.,미코상사,26.06.24,https://cafe.daum.net/meetpeople/HoUW/219891,2026-07-06
219889,돈오돌뼈(국산)판매합니다,사골조아,26.06.24,https://cafe.daum.net/meetpeople/HoUW/219889,2026-07-06
219888,엑셀 LA CH 갈비 판매합니다.,박봉식이,26.06.24,https://cafe.daum.net/meetpeople/HoUW/219888,2026-07-06
219887,마쳐 3P 삼겹 판매합니다.,정식,26.06.24,https://cafe.daum.net/meetpeople/HoUW/219887,2026-07-06
219885,"항정 지속적으로 판매합니다,찰진돈,스펙사진첨부",장구지계,26.06.24,https://cafe.daum.net/meetpeople/HoUW/219885,2026-07-06
219884,90cl / 볼살 /랄프 판매합니다,로드박상균,26.06.24,https://cafe.daum.net/meetpeople/HoUW/219884,2026-07-06
219883,미국산 SMITHFIELD 717M 돈목살 판매합니다,김유군,26.06.24,https://cafe.daum.net/meetpeople/HoUW/219883,2026-07-06
219882,IBP CAB 245C 동결진갈비 팝니다.,(주)가흥 정충국,26.06.24,https://cafe.daum.net/meetpeople/HoUW/219882,2026-07-06
219880,스위프트 양지안창 판매중입니다.,트랜서핑,26.06.24,https://cafe.daum.net/meetpeople/HoUW/219880,2026-07-06
219879,시보드 목뼈 판매합니다.!!!!!!!!(1번 / 4번),와이엠통상(주),26.06.24,https://cafe.daum.net/meetpeople/HoUW/219879,2026-07-06
219878,냉장 아이비피 PR 알목심 판매합니다.,제이알미트 김효영,26.06.24,https://cafe.daum.net/meetpeople/HoUW/219878,2026-07-06
219873,국내산 냉동 미전지 판매합니다,JN 김이사,26.06.24,https://cafe.daum.net/meetpeople/HoUW/219873,2026-07-06
219872,호주산 와규 부채살 판매합니다.,세원푸드 여운열,26.06.24,https://cafe.daum.net/meetpeople/HoUW/219872,2026-07-06
219870,리테라 진공삼겹 판매합니다.,레인보우미트,26.06.24,https://cafe.daum.net/meetpeople/HoUW/219870,2026-07-06
219869,그리니아 B 뒷갈비 판매합니다,(주)카멜무역,26.06.24,https://cafe.daum.net/meetpeople/HoUW/219869,2026-07-06
219868,벨기에 미니족 판매합니다,바른용준씨,26.06.24,https://cafe.daum.net/meetpeople/HoUW/219868,2026-07-06
219867,냉동 진갈비 CAVINESS CAB 판매합니다!!,정보석,26.06.24,https://cafe.daum.net/meetpeople/HoUW/219867,2026-07-06
219865,호멜 장족 판매합니다,twins2013,26.06.24,https://cafe.daum.net/meetpeople/HoUW/219865,2026-07-06
219864,EXCEL 차돌박이 CH 86E 판매합니다.,고기를먹자,26.06.24,https://cafe.daum.net/meetpeople/HoUW/219864,2026-07-06
219863,호주산 와규 소고기 스틱(초밥용) 판매합니다,주니푸드,26.06.24,https://cafe.daum.net/meetpeople/HoUW/219863,2026-07-06
219861,시몬 삼겹 中 판매합니다,슈퍼초코송이,26.06.24,https://cafe.daum.net/meetpeople/HoUW/219861,2026-07-06
219860,캐나다엑셀 51 #2백립 판매합니다,(주)미트이노베이션,26.06.24,https://cafe.daum.net/meetpeople/HoUW/219860,2026-07-06
219858,프랑스 막창 판매합니다(사진 스팩우수),육팔구통상(주)현기환,26.06.24,https://cafe.daum.net/meetpeople/HoUW/219858,2026-07-06
219854,*오마하 사골 판매합니다 *,(주)우성 김낙현,26.06.24,https://cafe.daum.net/meetpeople/HoUW/219854,2026-07-06
219853,독일산 미니족 판매합니다.,정솔 이사,26.06.24,https://cafe.daum.net/meetpeople/HoUW/219853,2026-07-06
219852,호주 빈다리 s 우목뼈 26년 11월,(주)제이알미트 황정록,26.06.23,https://cafe.daum.net/meetpeople/HoUW/219852,2026-07-06
219851,스페인산 파텔(PATEL) 듀록개별/일반진공4P진공 이겹살 판매합니다,가온(양태환),26.06.23,https://cafe.daum.net/meetpeople/HoUW/219851,2026-07-06
219850,NBP 냉장 262 CH 갈비,(주)사계절푸드 고영한,26.06.23,https://cafe.daum.net/meetpeople/HoUW/219850,2026-07-06
219848,미산)크릭스톤 삼겹양지 판매중입니다.,수입쇠고기,26.06.23,https://cafe.daum.net/meetpeople/HoUW/219848,2026-07-06
219847,마쳐 삼겹(3P/프라임) 판매합니다,미래푸드 오제호,26.06.23,https://cafe.daum.net/meetpeople/HoUW/219847,2026-07-06
219846,바텔로인립(스페인) 판매합니다~!!,이시스,26.06.23,https://cafe.daum.net/meetpeople/HoUW/219846,2026-07-06
219845,하이마운틴 삼겹 판매합니다(오스트리아) ◈ ◈ ◈ ◈ ◈,큐미트,26.06.23,https://cafe.daum.net/meetpeople/HoUW/219845,2026-07-06
219844,엑셀 93 A 백립 판매합니다.,에이젯 송광훈,26.06.23,https://cafe.daum.net/meetpeople/HoUW/219844,2026-07-06
219843,acc gf 1620 부채 판매합니다,NoName,26.06.23,https://cafe.daum.net/meetpeople/HoUW/219843,2026-07-06
219842,칠레산 미박삼겹 판매합니다!,(주)미성피앤비 한준규,26.06.23,https://cafe.daum.net/meetpeople/HoUW/219842,2026-07-06
219841,그린포크 돈삼겹 판매합니다!,armeat,26.06.23,https://cafe.daum.net/meetpeople/HoUW/219841,2026-07-06
219838,놀란 beef 절단사골(혼합 X),(주)어흥 이재명,26.06.23,https://cafe.daum.net/meetpeople/HoUW/219838,2026-07-06
219835,wmpg s 늑간판매합니다,이재욱,26.06.23,https://cafe.daum.net/meetpeople/HoUW/219835,2026-07-06
219834,호주산 비프시티 MB1 동결우둔 판매합니다. (CAP_OFF),(주)에이브이미트 신길수,26.06.23,https://cafe.daum.net/meetpeople/HoUW/219834,2026-07-06
219833,스와게티 모돈 로인립 판매합니다.,거상푸드,26.06.23,https://cafe.daum.net/meetpeople/HoUW/219833,2026-07-06
219831,호멜 돈학 판매합니다,twins2013,26.06.23,https://cafe.daum.net/meetpeople/HoUW/219831,2026-07-06
219830,국내산 돈잡육 판매합니다.,세원푸드시스템 황홍길(마장),26.06.23,https://cafe.daum.net/meetpeople/HoUW/219830,2026-07-06
219829,하비비프꼬리 정리합니다.!!!!,서버밴,26.06.23,https://cafe.daum.net/meetpeople/HoUW/219829,2026-07-06
219828,엑셀 86k 스지 판매 합니다,가빠,26.06.23,https://cafe.daum.net/meetpeople/HoUW/219828,2026-07-06
219826,SMITHFIELD 스미스필드 목전지 판매합니다.,하나프라임 박준호,26.06.23,https://cafe.daum.net/meetpeople/HoUW/219826,2026-07-06
219824,블랙포크 삼겹 판매합니다,미코상사,26.06.23,https://cafe.daum.net/meetpeople/HoUW/219824,2026-07-06
219823,가드(JPA) 삼겹 판매합니다. 스펙 최상,MG티앤씨 김대신,26.06.23,https://cafe.daum.net/meetpeople/HoUW/219823,2026-07-06
219821,프랑스 가틴 뼈미박삼겹 판매합니다~!,뇽뇽,26.06.23,https://cafe.daum.net/meetpeople/HoUW/219821,2026-07-06
219820,미국산 목전지 판매합니다.,미래소년K,26.06.23,https://cafe.daum.net/meetpeople/HoUW/219820,2026-07-06
219818,그린리아 PS 홍두깨 판매합니다.,(주)아이린인피니티,26.06.23,https://cafe.daum.net/meetpeople/HoUW/219818,2026-07-06
219815,그리니아 부채살 팝니다,새솔미트,26.06.23,https://cafe.daum.net/meetpeople/HoUW/219815,2026-07-06
219813,미국산 동결 아이비피 진갈비 판매합니다,김종남,26.06.23,https://cafe.daum.net/meetpeople/HoUW/219813,2026-07-06
219812,[캐나다] 메이플 목전지 적극 판매합니다.,정경의 파이프,26.06.23,https://cafe.daum.net/meetpeople/HoUW/219812,2026-07-06
219811,키니톤 장족 판매합니다.,(주)썬프라임 이부장,26.06.23,https://cafe.daum.net/meetpeople/HoUW/219811,2026-07-06
219810,NB 네브라스카 일반갈비 판매 합니다.,健康翰 大韓民國 畜産物 企業 　,26.06.23,https://cafe.daum.net/meetpeople/HoUW/219810,2026-07-06
219809,잉카롭사 이겹살 라지 사이즈 판매합니다.,로렌,26.06.23,https://cafe.daum.net/meetpeople/HoUW/219809,2026-07-06
219806,리테라 미박 삼겹 판매합니다.,콩나물공장장,26.06.23,https://cafe.daum.net/meetpeople/HoUW/219806,2026-07-06
219805,퇴니시(TONNIES) 삼겹 판매합니다,(주)더한양 최진우,26.06.23,https://cafe.daum.net/meetpeople/HoUW/219805,2026-07-06
219804,시보드 목전지 판매합니다.!!!!!!!!!,와이엠통상(주),26.06.23,https://cafe.daum.net/meetpeople/HoUW/219804,2026-07-06
219803,반루이 삼겹 판매합니다 (네덜란드),박탱,26.06.23,https://cafe.daum.net/meetpeople/HoUW/219803,2026-07-06
219802,"막창(스펙사진 첨부) 판매합니다,스페인",장구지계,26.06.23,https://cafe.daum.net/meetpeople/HoUW/219802,2026-07-06
219801,스페인 대자 삼겹 (FACCSA) 삼겹 팝니다. 사진有,(주) 우리와푸드 [박순용],26.06.23,https://cafe.daum.net/meetpeople/HoUW/219801,2026-07-06
219800,90cl /볼살/ 랄프 판매합니다,로드박상균,26.06.23,https://cafe.daum.net/meetpeople/HoUW/219800,2026-07-06
219799,NBP / EXCEL CH /PR 냉장 살치 판매 합니다.,오샤,26.06.23,https://cafe.daum.net/meetpeople/HoUW/219799,2026-07-06
219798,엑셀 우목뼈 판매합니다,아지,26.06.23,https://cafe.daum.net/meetpeople/HoUW/219798,2026-07-06
219797,EXCEL PR 채끝 판매 합니다 ~,보보,26.06.23,https://cafe.daum.net/meetpeople/HoUW/219797,2026-07-06
219794,호주산 와규 부채살 판매합니다.,세원푸드 여운열,26.06.23,https://cafe.daum.net/meetpeople/HoUW/219794,2026-07-06
219793,파텔(PATEL/ 스페인) 삼겹살 판매합니다.,곰뚱이,26.06.23,https://cafe.daum.net/meetpeople/HoUW/219793,2026-07-06
219792,냉장 호주산 와규 부채 판매합니다,미트대명사 안병관,26.06.23,https://cafe.daum.net/meetpeople/HoUW/219792,2026-07-06
219791,반루이(네덜란드) 목뼈 판매합니다.,에누리,26.06.23,https://cafe.daum.net/meetpeople/HoUW/219791,2026-07-06
219790,칠레산 코엑스카 가브리살 판매합니다.,(주)노블푸드_남 성식,26.06.23,https://cafe.daum.net/meetpeople/HoUW/219790,2026-07-06
219789,리테라 진공 3P 삼겹 판매합니다,승리선택,26.06.23,https://cafe.daum.net/meetpeople/HoUW/219789,2026-07-06
219785,호주산 와규 우채썰기 판매합니다.,주니푸드,26.06.23,https://cafe.daum.net/meetpeople/HoUW/219785,2026-07-06
219784,냉동 진갈비 CAVINESS CAB 판매합니다!,정보석,26.06.23,https://cafe.daum.net/meetpeople/HoUW/219784,2026-07-06
219783,크릭스톤 MC CH갈비 판매합니다.,탁운호,26.06.23,https://cafe.daum.net/meetpeople/HoUW/219783,2026-07-06
219781,팜플로나 뼈삼겹 판매합니다.(칠레산 대체 가능),(주)더상상 배지운,26.06.23,https://cafe.daum.net/meetpeople/HoUW/219781,2026-07-06
219780,치코 듀록 삼겹 판매합니다.,김동구,26.06.23,https://cafe.daum.net/meetpeople/HoUW/219780,2026-07-06
219775,Swift 1311 빽립 정리 중 입니다~!,방용,26.06.23,https://cafe.daum.net/meetpeople/HoUW/219775,2026-07-06
219774,그리니아 일반갈비 판매합니다,(주)카멜무역,26.06.23,https://cafe.daum.net/meetpeople/HoUW/219774,2026-07-06
219773,잉카롭사 돈등심 판매합니다.,용푸드 조봉구,26.06.23,https://cafe.daum.net/meetpeople/HoUW/219773,2026-07-06
219770,코네스토카 진공목살 팝니다.,권혁만,26.06.23,https://cafe.daum.net/meetpeople/HoUW/219770,2026-07-06
219769,치코 듀록 목뼈 판매합니다.,레인보우미트,26.06.23,https://cafe.daum.net/meetpeople/HoUW/219769,2026-07-06
219767,미국산 SMITHFIELD 717M 돈목살 판매합니다,김유군,26.06.23,https://cafe.daum.net/meetpeople/HoUW/219767,2026-07-06
219766,스페인 삼겹 판매합니다,육팔구통상(주)현기환,26.06.23,https://cafe.daum.net/meetpeople/HoUW/219766,2026-07-06
219765,엘포조 막창 판매합니다,슈퍼초코송이,26.06.23,https://cafe.daum.net/meetpeople/HoUW/219765,2026-07-06
219763,엑셀 조각늑간 판매합니다,(주)미트이노베이션,26.06.23,https://cafe.daum.net/meetpeople/HoUW/219763,2026-07-06
219761,스위프트 양지안창 판매중입니다.,트랜서핑,26.06.23,https://cafe.daum.net/meetpeople/HoUW/219761,2026-07-06
219758,핸들바우어 삼겹 판매합니다.,정솔 이사,26.06.23,https://cafe.daum.net/meetpeople/HoUW/219758,2026-07-06
219757,SWIFT 늑간 판매합니다,미다스,26.06.23,https://cafe.daum.net/meetpeople/HoUW/219757,2026-07-06
219755,팜플로나 돈목살 판매합니다,금돼지,26.06.23,https://cafe.daum.net/meetpeople/HoUW/219755,2026-07-06
219753,웨스트포트 하이암퇘지 삼겹 판매합니다. 네덜란드,미코상사,26.06.22,https://cafe.daum.net/meetpeople/HoUW/219753,2026-07-06
219751,미국산 SMITHFIELD 717M 돈목살 판매합니다,김유군,26.06.22,https://cafe.daum.net/meetpeople/HoUW/219751,2026-07-06
219750,AMH 262 BEEF 스지 판매합니다.,에이젯 송광훈,26.06.22,https://cafe.daum.net/meetpeople/HoUW/219750,2026-07-06
219749,아프코 헤드미트(뉴질랜드),미트앤라이프축바람,26.06.22,https://cafe.daum.net/meetpeople/HoUW/219749,2026-07-06
219748,마쳐 삼겹(3P/프라임) 판매합니다,미래푸드 오제호,26.06.22,https://cafe.daum.net/meetpeople/HoUW/219748,2026-07-06
219747,가드(JPA) 삼겹 판매합니다.(사진),MG티앤씨 김대신,26.06.22,https://cafe.daum.net/meetpeople/HoUW/219747,2026-07-06
219746,독일 시몬 삼겹살 팔아요.,김승용,26.06.22,https://cafe.daum.net/meetpeople/HoUW/219746,2026-07-06
219745,SWIFT CH 차돌백이 판매합니다. - 판매완료,씽크빅,26.06.22,https://cafe.daum.net/meetpeople/HoUW/219745,2026-07-06
219744,코스타브라바 이겹 판매합니다.,(주)아이푸드트레이딩 방민호,26.06.22,https://cafe.daum.net/meetpeople/HoUW/219744,2026-07-06
219743,호주산 볼살 판매 합니다.,健康翰 大韓民國 畜産物 企業 　,26.06.22,https://cafe.daum.net/meetpeople/HoUW/219743,2026-07-06
219742,엑셀 86k 스지 판매합니다,가빠,26.06.22,https://cafe.daum.net/meetpeople/HoUW/219742,2026-07-06
219740,삼겹살 코엑스카(COEXCA) 판매합니다,슬이삼촌,26.06.22,https://cafe.daum.net/meetpeople/HoUW/219740,2026-07-06
219737,IBP CH냉동늑간 판매합니다.,(주)제이팜컴퍼니,26.06.22,https://cafe.daum.net/meetpeople/HoUW/219737,2026-07-06
219735,리테라 미추리 삼겹 판매합니다,승리선택,26.06.22,https://cafe.daum.net/meetpeople/HoUW/219735,2026-07-06
219734,미국산 목전지 판매합니다.,미래소년K,26.06.22,https://cafe.daum.net/meetpeople/HoUW/219734,2026-07-06
219733,누들블리스 벨기에 미니족 판매합니다,주누,26.06.22,https://cafe.daum.net/meetpeople/HoUW/219733,2026-07-06
219732,하비헤드미트 팔아요.!!!!,서버밴,26.06.22,https://cafe.daum.net/meetpeople/HoUW/219732,2026-07-06
219731,미국산 냉장 살치 판매합니다,AZ독산 정호윤,26.06.22,https://cafe.daum.net/meetpeople/HoUW/219731,2026-07-06
219728,SEABAORD(시보드) 목전지 판매합니다.,나인미라클-이정민,26.06.22,https://cafe.daum.net/meetpeople/HoUW/219728,2026-07-06
219727,마처 프라임 진공 3판 삼겹살 판매 합니다,다마네기,26.06.22,https://cafe.daum.net/meetpeople/HoUW/219727,2026-07-06
219723,NBP 냉장살치 정리합니다.,신성,26.06.22,https://cafe.daum.net/meetpeople/HoUW/219723,2026-07-06
219721,SWIFT CH 늑간 판매합니다.,팜플러스,26.06.22,https://cafe.daum.net/meetpeople/HoUW/219721,2026-07-06
219720,그린햄(호주) S 우목심 판매합니다.,(주)고기장푸드 장정호,26.06.22,https://cafe.daum.net/meetpeople/HoUW/219720,2026-07-06
219719,그리니아 PS 갈비팝니다,새솔미트,26.06.22,https://cafe.daum.net/meetpeople/HoUW/219719,2026-07-06
219718,마프리제스 장족 판매합니다,박현서,26.06.22,https://cafe.daum.net/meetpeople/HoUW/219718,2026-07-06
219717,wmpg s 늑간판매합니다,이재욱,26.06.22,https://cafe.daum.net/meetpeople/HoUW/219717,2026-07-06
219716,루돌프 돈장족 판매합니다(오스트리아) ◈ ◈ ◈ ◈ ◈,큐미트,26.06.22,https://cafe.daum.net/meetpeople/HoUW/219716,2026-07-06
219715,국내산 한우 냉동 갈비 판매합니다,kty271,26.06.22,https://cafe.daum.net/meetpeople/HoUW/219715,2026-07-06
219714,"돈위,오소리감투 정리합니다,프랑스",장구지계,26.06.22,https://cafe.daum.net/meetpeople/HoUW/219714,2026-07-06
219713,냉장 엑셀 PR 살치 정리합니다.,근자필성,26.06.22,https://cafe.daum.net/meetpeople/HoUW/219713,2026-07-06
219709,가브리살 스페인 리바쌈 판매 합니다,비욘드팜 이정삼,26.06.22,https://cafe.daum.net/meetpeople/HoUW/219709,2026-07-06
219708,국내산 냉동 돈후지 판매합니다,JN 김이사,26.06.22,https://cafe.daum.net/meetpeople/HoUW/219708,2026-07-06
219705,그린리아 등갈비 판매합니다.,(주)아이린인피니티,26.06.22,https://cafe.daum.net/meetpeople/HoUW/219705,2026-07-06
219703,스페인 마프리제스 돈등심 판매합니다~!,뇽뇽,26.06.22,https://cafe.daum.net/meetpeople/HoUW/219703,2026-07-06
219702,냉장 호주산 와규 윗등심 판매합니다.,대동호야,26.06.22,https://cafe.daum.net/meetpeople/HoUW/219702,2026-07-06
219701,벨기에 미니족 판매합니다,바른용준씨,26.06.22,https://cafe.daum.net/meetpeople/HoUW/219701,2026-07-06
219700,메이플 목뼈(1A) 판매합니다.,에누리,26.06.22,https://cafe.daum.net/meetpeople/HoUW/219700,2026-07-06
219699,[스페인] 파텔 로인립 - 저렴하게 판매합니다.,정경의 파이프,26.06.22,https://cafe.daum.net/meetpeople/HoUW/219699,2026-07-06
219698,아이비피 냉장알목심 pr 판매합니다.,아슬란 박주열,26.06.22,https://cafe.daum.net/meetpeople/HoUW/219698,2026-07-06
219697,칠레산 돈막창 판매합니다!,(주)미성피앤비 한준규,26.06.22,https://cafe.daum.net/meetpeople/HoUW/219697,2026-07-06
219696,90CL /볼살 /랄프 판매합니다,로드박상균,26.06.22,https://cafe.daum.net/meetpeople/HoUW/219696,2026-07-06
219695,오마하 대창 판매합니다,잔바리2,26.06.22,https://cafe.daum.net/meetpeople/HoUW/219695,2026-07-06
219694,"SWIFT 미티백립 판매합니다 (969G,3G)",아지,26.06.22,https://cafe.daum.net/meetpeople/HoUW/219694,2026-07-06
219692,미국 스미스목전지 18079팝니다.,게울물,26.06.22,https://cafe.daum.net/meetpeople/HoUW/219692,2026-07-06
219691,호주산 AMH A 냉동 립아이(등심) 판매합니다.,(주)에이브이미트 신길수,26.06.22,https://cafe.daum.net/meetpeople/HoUW/219691,2026-07-06
219689,IBP CH 278 LA갈비 판매합니다.,박봉식이,26.06.22,https://cafe.daum.net/meetpeople/HoUW/219689,2026-07-06
219688,헝가리미트 피니 삼겹 판매합니다.,김동구,26.06.22,https://cafe.daum.net/meetpeople/HoUW/219688,2026-07-06
219686,호주산 와규 소고기 스틱(초밥용) 판매합니다,주니푸드,26.06.22,https://cafe.daum.net/meetpeople/HoUW/219686,2026-07-06
219683,티칸 돈등심팝니다.,권혁만,26.06.22,https://cafe.daum.net/meetpeople/HoUW/219683,2026-07-06
219681,스페인 듀록삼겹 판매합니다,twins2013,26.06.22,https://cafe.daum.net/meetpeople/HoUW/219681,2026-07-06
219680,IBP CAB 245C 동결진갈비 팝니다.,(주)가흥 정충국,26.06.22,https://cafe.daum.net/meetpeople/HoUW/219680,2026-07-06
219678,칠레산 코엑스카 항정 및 전품목 판매합니다!!,(주)카니발푸드_홍경남,26.06.22,https://cafe.daum.net/meetpeople/HoUW/219678,2026-07-06
219676,TEYS 일반갈비 판매합니다.,한결엘에스 박지성,26.06.22,https://cafe.daum.net/meetpeople/HoUW/219676,2026-07-06
219675,그리니아 일반갈비 판매합니다,(주)카멜무역,26.06.22,https://cafe.daum.net/meetpeople/HoUW/219675,2026-07-06
219674,냉장 호주산 와규 알목심(윗등심) 판매합니다,미트대명사 안병관,26.06.22,https://cafe.daum.net/meetpeople/HoUW/219674,2026-07-06
219673,돈오돌뼈(국산)판매합니다,사골조아,26.06.22,https://cafe.daum.net/meetpeople/HoUW/219673,2026-07-06
219671,미산 로인립 판매합니다,육팔구통상(주)현기환,26.06.22,https://cafe.daum.net/meetpeople/HoUW/219671,2026-07-06
219670,TEYS 깐양 7번 판매합니다.,고기를먹자,26.06.22,https://cafe.daum.net/meetpeople/HoUW/219670,2026-07-06
219668,베슬러 항정 3mm 판매합니다.,레인보우미트,26.06.22,https://cafe.daum.net/meetpeople/HoUW/219668,2026-07-06
219666,아비뇨 미니족 판매합니다.,김진영.,26.06.22,https://cafe.daum.net/meetpeople/HoUW/219666,2026-07-06
219665,미국산 냉장부채 판매합니다,고기를 디자인하다,26.06.22,https://cafe.daum.net/meetpeople/HoUW/219665,2026-07-06
219664,엑셀 홍창 판매합니다.,(주)미트이노베이션,26.06.22,https://cafe.daum.net/meetpeople/HoUW/219664,2026-07-06
219663,블랙포크 삼겹 2종 판매합니다,슈퍼초코송이,26.06.22,https://cafe.daum.net/meetpeople/HoUW/219663,2026-07-06
219662,ibp pr 냉동갈비본살 판매합니다,금돼지,26.06.22,https://cafe.daum.net/meetpeople/HoUW/219662,2026-07-06
219661,스위프트 양지안창 판매중입니다.,트랜서핑,26.06.22,https://cafe.daum.net/meetpeople/HoUW/219661,2026-07-06
219658,독일산 미니족 판매합니다.,정솔 이사,26.06.22,https://cafe.daum.net/meetpeople/HoUW/219658,2026-07-06
219657,올리멜( OLYMEL) 로인립 판매합니다 - 스펙사진 첨부 -,(주)더한양 최진우,26.06.21,https://cafe.daum.net/meetpeople/HoUW/219657,2026-07-06
219656,스페인산 리테라(LITERA) 돈목전지 판매합니다,가온(양태환),26.06.19,https://cafe.daum.net/meetpeople/HoUW/219656,2026-07-06
219655,하이마운틴삼겹(오스트리아) 판매합니다~!!,이시스,26.06.19,https://cafe.daum.net/meetpeople/HoUW/219655,2026-07-06
219654,미국산 목전지 판매합니다.,미래소년K,26.06.19,https://cafe.daum.net/meetpeople/HoUW/219654,2026-07-06
219652,잉카롭사 돈목살(진공) 판매합니다.,신성,26.06.19,https://cafe.daum.net/meetpeople/HoUW/219652,2026-07-06
219651,SMITHFIELD (스미스필드) 뼈등심 판매합니다.,김동현,26.06.19,https://cafe.daum.net/meetpeople/HoUW/219651,2026-07-06
219650,IBP CH냉동늑간 판매합니다.,(주)제이팜컴퍼니,26.06.19,https://cafe.daum.net/meetpeople/HoUW/219650,2026-07-06
219649,호주 킬코이 1912 GF 백립,(주)제이알미트 황정록,26.06.19,https://cafe.daum.net/meetpeople/HoUW/219649,2026-07-06
219648,베슬러 삼겹 판매합니다.,김진영.,26.06.19,https://cafe.daum.net/meetpeople/HoUW/219648,2026-07-06
219647,국내산 냉동 A후지(제로) 판매합니다. (판매완료),세원푸드시스템 황홍길(마장),26.06.19,https://cafe.daum.net/meetpeople/HoUW/219647,2026-07-06
219643,그리니아 ps진공부채살 판매합니다(사진첩부,새솔,26.06.19,https://cafe.daum.net/meetpeople/HoUW/219643,2026-07-06
219642,"오스트리아 슈처프레쉬 대(5,0업) 중(5,0다운) 삼겹 판매합니다!",김영재,26.06.19,https://cafe.daum.net/meetpeople/HoUW/219642,2026-07-06
219640,웨스트미박전지 팝니다.,권혁만,26.06.19,https://cafe.daum.net/meetpeople/HoUW/219640,2026-07-06
219639,EXCEL CH 냉장살치 판매합니다,캐틀팜 박지수,26.06.19,https://cafe.daum.net/meetpeople/HoUW/219639,2026-07-06
219638,마쳐 삼겹(3P/프라임) 판매합니다,미래푸드 오제호,26.06.19,https://cafe.daum.net/meetpeople/HoUW/219638,2026-07-06
219636,벨기에 삼겹 판매합니다~!,부민 사나이,26.06.19,https://cafe.daum.net/meetpeople/HoUW/219636,2026-07-06
219635,반루이(네덜란드) 목뼈 판매합니다.,에누리,26.06.19,https://cafe.daum.net/meetpeople/HoUW/219635,2026-07-06
219633,wmpg s 늑간(진공)판매합니다,이재욱,26.06.19,https://cafe.daum.net/meetpeople/HoUW/219633,2026-07-06
219629,EXCEL 숏로인 판매 합니다 ~,보보,26.06.19,https://cafe.daum.net/meetpeople/HoUW/219629,2026-07-06
219628,칠레산 돈목뼈 판매합니다!,(주)미성피앤비 한준규,26.06.19,https://cafe.daum.net/meetpeople/HoUW/219628,2026-07-06
219625,국내산 육우 거세 알꼬리 판매합니다(냉동),칸월드통상,26.06.19,https://cafe.daum.net/meetpeople/HoUW/219625,2026-07-06
219624,티스 S 볼라전각 판매합니다.,오니,26.06.19,https://cafe.daum.net/meetpeople/HoUW/219624,2026-07-06
219623,SEABAORD(시보드) 목전지 판매합니다,나인미라클-이정민,26.06.19,https://cafe.daum.net/meetpeople/HoUW/219623,2026-07-06
219622,킬코이(KILCOY) GF 스페어립 판매합니다,(주)더한양 최진우,26.06.19,https://cafe.daum.net/meetpeople/HoUW/219622,2026-07-06
219621,"항정 꾸준하게 판매합니다,찰진돈,스펙사진 첨부",장구지계,26.06.19,https://cafe.daum.net/meetpeople/HoUW/219621,2026-07-06
219618,90cl /볼살 /랄프 판매합니다,로드박상균,26.06.19,https://cafe.daum.net/meetpeople/HoUW/219618,2026-07-06
219616,냉장 호주산 와규 알목심(윗등심) 판매합니다,미트대명사 안병관,26.06.19,https://cafe.daum.net/meetpeople/HoUW/219616,2026-07-06
219615,알목심(척아이롤) 판매합니다,럭키,26.06.19,https://cafe.daum.net/meetpeople/HoUW/219615,2026-07-06
219614,팍사 삼겹 판매합니다(스페인),(주) 우리와푸드 [박순용],26.06.19,https://cafe.daum.net/meetpeople/HoUW/219614,2026-07-06
219613,호주 사골 판매합니다,육팔구통상(주)현기환,26.06.19,https://cafe.daum.net/meetpeople/HoUW/219613,2026-07-06
219612,하이마운틴 삼겹 판매합니다(오스트리아) ◈ ◈ ◈ ◈ ◈,큐미트,26.06.19,https://cafe.daum.net/meetpeople/HoUW/219612,2026-07-06
219611,호주산 와규 우채썰기 판매합니다.,주니푸드,26.06.19,https://cafe.daum.net/meetpeople/HoUW/219611,2026-07-06
219610,오키gf 앵거스 볼라전각 팝니다,김동구,26.06.19,https://cafe.daum.net/meetpeople/HoUW/219610,2026-07-06
219608,"SWIFT 969G,3D 미티백립 판매합니다",아지,26.06.19,https://cafe.daum.net/meetpeople/HoUW/219608,2026-07-06
219607,벨기에 미니족 판매합니다,바른용준씨,26.06.19,https://cafe.daum.net/meetpeople/HoUW/219607,2026-07-06
219605,호멜 장족 판매합니다,twins2013,26.06.19,https://cafe.daum.net/meetpeople/HoUW/219605,2026-07-06
219604,웨스트포트 하이암퇘지 삼겹 팝니다.,미코상사,26.06.19,https://cafe.daum.net/meetpeople/HoUW/219604,2026-07-06
219602,그리니아 ps 볼라전각 판매합니다,(주)카멜무역,26.06.19,https://cafe.daum.net/meetpeople/HoUW/219602,2026-07-06
219601,캐나다 냉동 척갈비 판매합니다.,한결엘에스 박지성,26.06.19,https://cafe.daum.net/meetpeople/HoUW/219601,2026-07-06
219600,파텔(PATEL/스페인) 삼겹살 판매합니다.,곰뚱이,26.06.19,https://cafe.daum.net/meetpeople/HoUW/219600,2026-07-06
219599,미국산 ST컷 스미스 스페어립 판매합니다.,제이알미트 김효영,26.06.19,https://cafe.daum.net/meetpeople/HoUW/219599,2026-07-06
219598,EXCEL 빽립 86E 판매합니다.,고기를먹자,26.06.19,https://cafe.daum.net/meetpeople/HoUW/219598,2026-07-06
219595,아뜨리아 삼겹 판매합니다.,정식,26.06.19,https://cafe.daum.net/meetpeople/HoUW/219595,2026-07-06
219593,nbp pr냉장 알목심 판매합니다,금돼지,26.06.19,https://cafe.daum.net/meetpeople/HoUW/219593,2026-07-06
219592,포크킹 돈볼살 저렴하게 판매합니다.,에이젯 송광훈,26.06.19,https://cafe.daum.net/meetpeople/HoUW/219592,2026-07-06
219591,엘포조 막창 판매합니다,슈퍼초코송이,26.06.19,https://cafe.daum.net/meetpeople/HoUW/219591,2026-07-06
219589,캐나다엑셀 51 #2백립 판매합니다,(주)미트이노베이션,26.06.19,https://cafe.daum.net/meetpeople/HoUW/219589,2026-07-06
219588,핸들바우어 삼겹 판매합니다.,정솔 이사,26.06.19,https://cafe.daum.net/meetpeople/HoUW/219588,2026-07-06
219587,미국산 목전지 판매합니다.,미래소년K,26.06.18,https://cafe.daum.net/meetpeople/HoUW/219587,2026-07-06
219586,미산) 크릭스톤 갈비 판매중입니다.,수입쇠고기,26.06.18,https://cafe.daum.net/meetpeople/HoUW/219586,2026-07-06
219585,스위프트 85b 목전지 판매합니다,미코상사,26.06.18,https://cafe.daum.net/meetpeople/HoUW/219585,2026-07-06
219583,마프리제스 2.0-2.2 장족 싸게 판매합니다,박현서,26.06.18,https://cafe.daum.net/meetpeople/HoUW/219583,2026-07-06
219582,마쳐 삼겹(3P/프라임) 판매합니다,미래푸드 오제호,26.06.18,https://cafe.daum.net/meetpeople/HoUW/219582,2026-07-06
219580,스페인 엘포조 장족 1.8~2.1 저렴하게 판매합니다!,김영재,26.06.18,https://cafe.daum.net/meetpeople/HoUW/219580,2026-07-06
219579,wmpg s 늑간판매합니다,이재욱,26.06.18,https://cafe.daum.net/meetpeople/HoUW/219579,2026-07-06
219578,스미스필드 목전지 판매합니다.(17D),악성잡는놈,26.06.18,https://cafe.daum.net/meetpeople/HoUW/219578,2026-07-06
219577,국내산 덜미살 판매 합니다,큰고양이,26.06.18,https://cafe.daum.net/meetpeople/HoUW/219577,2026-07-06
219576,엑셀 UN #2 86M 백립 판매합니다.,(주)미트하임 박기돈,26.06.18,https://cafe.daum.net/meetpeople/HoUW/219576,2026-07-06
219575,리바쌈 이겹삼겹 판매,제이에스비앤피,26.06.18,https://cafe.daum.net/meetpeople/HoUW/219575,2026-07-06
219571,IBP 삼겹양지 판매합니다.,장사꾼의딸,26.06.18,https://cafe.daum.net/meetpeople/HoUW/219571,2026-07-06
219568,팜플로나 뼈삼겹 판매합니다.(브라질산),(주)더상상 배지운,26.06.18,https://cafe.daum.net/meetpeople/HoUW/219568,2026-07-06
219567,NBP / EXCEL PR 냉장 살치 판매합니다.,오샤,26.06.18,https://cafe.daum.net/meetpeople/HoUW/219567,2026-07-06
219566,IBP CH냉동늑간 판매합니다.,(주)제이팜컴퍼니,26.06.18,https://cafe.daum.net/meetpeople/HoUW/219566,2026-07-06
219565,파텔삼겹살판매합니다,미트앤라이프삐옹스,26.06.18,https://cafe.daum.net/meetpeople/HoUW/219565,2026-07-06
219564,미국 인디애나 진공 로인립,(주)제이알미트 황정록,26.06.18,https://cafe.daum.net/meetpeople/HoUW/219564,2026-07-06
219563,[캐나다] 메이플 목전지 적극 판매합니다.,정경의 파이프,26.06.18,https://cafe.daum.net/meetpeople/HoUW/219563,2026-07-06
219561,미국 스미스필드 돈등심 판매합니다~!,뇽뇽,26.06.18,https://cafe.daum.net/meetpeople/HoUW/219561,2026-07-06
219560,미국산 냉장 CH 토시 판매합니다,AZ독산 정호윤,26.06.18,https://cafe.daum.net/meetpeople/HoUW/219560,2026-07-06
219559,베슬러 삼겹 판매합니다.!!!!!!!!!,와이엠통상(주),26.06.18,https://cafe.daum.net/meetpeople/HoUW/219559,2026-07-06
219558,돈오돌뼈(국산)판매합니다,사골조아,26.06.18,https://cafe.daum.net/meetpeople/HoUW/219558,2026-07-06
219555,GBP 85cl 포쿼터 판매합니다.,다우푸드,26.06.18,https://cafe.daum.net/meetpeople/HoUW/219555,2026-07-06
219554,잉카롭사(INCARLOPSA) 삼겹 판매합니다,(주)더한양 최진우,26.06.18,https://cafe.daum.net/meetpeople/HoUW/219554,2026-07-06
219553,얼라이언스(PS)스페어립 정리합니다.,서버밴,26.06.18,https://cafe.daum.net/meetpeople/HoUW/219553,2026-07-06
219551,"SWIFT CH 969, 969G 갈비 판매합니다.",팜플러스,26.06.18,https://cafe.daum.net/meetpeople/HoUW/219551,2026-07-06
219549,블랙포크(독일) 작업항정.,(주)고기장푸드 장정호,26.06.18,https://cafe.daum.net/meetpeople/HoUW/219549,2026-07-06
219548,칠레산 코엑스카 돈갈비 및 전품목 판매합니다!!,(주)카니발푸드_홍경남,26.06.18,https://cafe.daum.net/meetpeople/HoUW/219548,2026-07-06
219547,리테라 미추리삼겹 판매합니다,승리선택,26.06.18,https://cafe.daum.net/meetpeople/HoUW/219547,2026-07-06
219546,90CL / 볼살 /랄프 판매합니다,로드박상균,26.06.18,https://cafe.daum.net/meetpeople/HoUW/219546,2026-07-06
219545,오마하 양지늑간 판매 합니다.,健康翰 大韓民國 畜産物 企業 　,26.06.18,https://cafe.daum.net/meetpeople/HoUW/219545,2026-07-06
219544,그리니아 부채살 팝니다,새솔미트,26.06.18,https://cafe.daum.net/meetpeople/HoUW/219544,2026-07-06
219543,국내산 돈잡육 판매합니다,barbar,26.06.18,https://cafe.daum.net/meetpeople/HoUW/219543,2026-07-06
219542,냉장 호주산 와규 알치마 판매합니다,미트대명사 안병관,26.06.18,https://cafe.daum.net/meetpeople/HoUW/219542,2026-07-06
219540,브라질 시발레 장각 판매 합니다.,줄리엔-원선,26.06.18,https://cafe.daum.net/meetpeople/HoUW/219540,2026-07-06
219539,키니톤 장족 판매합니다.,(주)썬프라임 이부장,26.06.18,https://cafe.daum.net/meetpeople/HoUW/219539,2026-07-06
219538,IBP CAB 245C 동결진갈비 팝니다.,(주)가흥 정충국,26.06.18,https://cafe.daum.net/meetpeople/HoUW/219538,2026-07-06
219537,스페인 리바쌈 가브리살 판매 합니다,비욘드팜 이정삼,26.06.18,https://cafe.daum.net/meetpeople/HoUW/219537,2026-07-06
219536,호주산 염소고기 판매 합니다,긍정,26.06.18,https://cafe.daum.net/meetpeople/HoUW/219536,2026-07-06
219533,그린리아 등갈비 판매합니다.,(주)아이린인피니티,26.06.18,https://cafe.daum.net/meetpeople/HoUW/219533,2026-07-06
219531,"이겹 판매합니다,스페인.사진첨부",장구지계,26.06.18,https://cafe.daum.net/meetpeople/HoUW/219531,2026-07-06
219530,SEABAORD(시보드)4P 목전지 판매합니다.,나인미라클-이정민,26.06.18,https://cafe.daum.net/meetpeople/HoUW/219530,2026-07-06
219528,팍사 무연골 삼겹 판매합니다. (스펙 / 작업사진),MG티앤씨 김대신,26.06.18,https://cafe.daum.net/meetpeople/HoUW/219528,2026-07-06
219526,SHOWCASE(5STAR) 척리블렛 판매합니다.,AZ독산 김남학,26.06.18,https://cafe.daum.net/meetpeople/HoUW/219526,2026-07-06
219525,아뜨리아 삼겹 판매합니다.,정식,26.06.18,https://cafe.daum.net/meetpeople/HoUW/219525,2026-07-06
219523,미국산 SEABOARD 진공전지(쿠션미트) 판매합니다,김유군,26.06.18,https://cafe.daum.net/meetpeople/HoUW/219523,2026-07-06
219522,굿벨리미박전지 팝니다.,권혁만,26.06.18,https://cafe.daum.net/meetpeople/HoUW/219522,2026-07-06
219521,치코 듀록 항정 판매합니다.,김동구,26.06.18,https://cafe.daum.net/meetpeople/HoUW/219521,2026-07-06
219519,울머 미니족 판매합니다,twins2013,26.06.18,https://cafe.daum.net/meetpeople/HoUW/219519,2026-07-06
219517,파텔(PATEL / 스페인) 삼겹살 판매합니다.,도가니,26.06.18,https://cafe.daum.net/meetpeople/HoUW/219517,2026-07-06
219516,르샥 항정살 판매합니다 (작업후사진),신세계미트 한승훈,26.06.18,https://cafe.daum.net/meetpeople/HoUW/219516,2026-07-06
219514,벨기에 미니족 판매합니다,바른용준씨,26.06.18,https://cafe.daum.net/meetpeople/HoUW/219514,2026-07-06
219511,호주산 냉장 와규 윗등심 판매합니다.,대동호야,26.06.18,https://cafe.daum.net/meetpeople/HoUW/219511,2026-07-06
219509,EXCEL #2 백립 86K 판매합니다.,고기를먹자,26.06.18,https://cafe.daum.net/meetpeople/HoUW/219509,2026-07-06
219508,"SWIFT 969G,3D 미티백립 판매합니다",아지,26.06.18,https://cafe.daum.net/meetpeople/HoUW/219508,2026-07-06
219507,ibp 냉동 프라임 갈비본살 판매합니다,금돼지,26.06.18,https://cafe.daum.net/meetpeople/HoUW/219507,2026-07-06
219506,그리니아 B 뒷갈비 판매합니다,(주)카멜무역,26.06.18,https://cafe.daum.net/meetpeople/HoUW/219506,2026-07-06
219504,호주산 와규 소고기 스틱(초밥용) 판매합니다,주니푸드,26.06.18,https://cafe.daum.net/meetpeople/HoUW/219504,2026-07-06
219503,오마하 대창 판매합니다,잔바리2,26.06.18,https://cafe.daum.net/meetpeople/HoUW/219503,2026-07-06
219502,루돌프 돈장족 판매합니다(오스트리아) ◈ ◈ ◈ ◈ ◈,큐미트,26.06.18,https://cafe.daum.net/meetpeople/HoUW/219502,2026-07-06
219500,스페인산 리테라 미추리삼겹 판매합니다.,레인보우미트,26.06.18,https://cafe.daum.net/meetpeople/HoUW/219500,2026-07-06
219498,캐나다엑셀 51 #2백립 판매합니다,(주)미트이노베이션,26.06.18,https://cafe.daum.net/meetpeople/HoUW/219498,2026-07-06
219496,홀스톤 돈막창(미국) 판매합니다.,곰뚱이,26.06.18,https://cafe.daum.net/meetpeople/HoUW/219496,2026-07-06
219495,아이비피 냉장 알목심 PR 판매합니다.,아슬란 박주열,26.06.18,https://cafe.daum.net/meetpeople/HoUW/219495,2026-07-06
219494,블랙포크 삼겹 2종 판매합니다,슈퍼초코송이,26.06.18,https://cafe.daum.net/meetpeople/HoUW/219494,2026-07-06
219492,벨기에 미니족 판매합니다,제일미트축산(주)-인천,26.06.18,https://cafe.daum.net/meetpeople/HoUW/219492,2026-07-06
219489,미산 목전지 판매합니다 .,김태양,26.06.18,https://cafe.daum.net/meetpeople/HoUW/219489,2026-07-06
219486,잉카롭사 돈등심 판매합니다...,라이드,26.06.18,https://cafe.daum.net/meetpeople/HoUW/219486,2026-07-06
219485,멕시코 장족 판매합니다.,정솔 이사,26.06.18,https://cafe.daum.net/meetpeople/HoUW/219485,2026-07-06
219484,스위프트 양지안창 판매중입니다.,트랜서핑,26.06.18,https://cafe.daum.net/meetpeople/HoUW/219484,2026-07-06
219483,국내산(제주산) 냉동 미후지 판매합니다,소르카,26.06.17,https://cafe.daum.net/meetpeople/HoUW/219483,2026-07-06
219482,국내산 한우 냉동 갈비 판매합니다,kty271,26.06.17,https://cafe.daum.net/meetpeople/HoUW/219482,2026-07-06
219478,WINGHAM(윙햄) 호주산 떡심 판매합니다!,나인미라클-이정민,26.06.17,https://cafe.daum.net/meetpeople/HoUW/219478,2026-07-06
219477,아일랜드산 LIFFEYMEATS 빽립 판매합니다,김유군,26.06.17,https://cafe.daum.net/meetpeople/HoUW/219477,2026-07-06
219475,IBP 278 삼겹양지 판매합니다,아이프레시,26.06.17,https://cafe.daum.net/meetpeople/HoUW/219475,2026-07-06
219473,치코 판매합니다,미트앤라이프삐옹스,26.06.17,https://cafe.daum.net/meetpeople/HoUW/219473,2026-07-06
219471,웨스트플라이쉬 장족 판매합니다.(독일),보물섬,26.06.17,https://cafe.daum.net/meetpeople/HoUW/219471,2026-07-06
219470,미국산 엑셀 삼겹양지 판매합니다.,MK선종,26.06.17,https://cafe.daum.net/meetpeople/HoUW/219470,2026-07-06
219468,엑셀 스지 판매 합니다,가빠,26.06.17,https://cafe.daum.net/meetpeople/HoUW/219468,2026-07-06
219467,스페인 프리우사 진공 4D 전지 판매합니다.,씽크빅,26.06.17,https://cafe.daum.net/meetpeople/HoUW/219467,2026-07-06
219466,마프리제스 진공 삼겹 저렴하게 판매합니다,미래푸드 오제호,26.06.17,https://cafe.daum.net/meetpeople/HoUW/219466,2026-07-06
219464,하이 암돼지(네덜란드) 삼겹 판매합니다,(주)고기장푸드 장정호,26.06.17,https://cafe.daum.net/meetpeople/HoUW/219464,2026-07-06
219462,국내산 돈전지연골 판매합니다,최선생,26.06.17,https://cafe.daum.net/meetpeople/HoUW/219462,2026-07-06
219461,미국산 오마하 초이스 갈비 판매합니다,가산최프로,26.06.17,https://cafe.daum.net/meetpeople/HoUW/219461,2026-07-06
219459,헤리스렌치 ch 갈비 판매합니다,이재욱,26.06.17,https://cafe.daum.net/meetpeople/HoUW/219459,2026-07-06
219458,NB 냉동 아롱사태 정리 합니다.,김승용,26.06.17,https://cafe.daum.net/meetpeople/HoUW/219458,2026-07-06
219457,"목살 저렴하게 판매합니다,스페인",장구지계,26.06.17,https://cafe.daum.net/meetpeople/HoUW/219457,2026-07-06
219454,시몬삼겹팝니다.,권혁만,26.06.17,https://cafe.daum.net/meetpeople/HoUW/219454,2026-07-06
219453,그린리아 PS 홍두깨 판매합니다.,(주)아이린인피니티,26.06.17,https://cafe.daum.net/meetpeople/HoUW/219453,2026-07-06
219452,"국내산 냉동등뼈 판매 합니다,",이노베이션스토리,26.06.17,https://cafe.daum.net/meetpeople/HoUW/219452,2026-07-06
219451,스위프트 진공전지 판매합니다.,오니,26.06.17,https://cafe.daum.net/meetpeople/HoUW/219451,2026-07-06
219450,엑셀 삼겹양지 팝니다,미코상사,26.06.17,https://cafe.daum.net/meetpeople/HoUW/219450,2026-07-06
219449,가틴 삼겹 싸게 판매합니다,MG티앤씨 김대신,26.06.17,https://cafe.daum.net/meetpeople/HoUW/219449,2026-07-06
219448,엑셀 86E 냉장 황제늑간,(주)어흥 이재명,26.06.17,https://cafe.daum.net/meetpeople/HoUW/219448,2026-07-06
219447,프랑스 아베라 삼겹,(주)제이알미트 황정록,26.06.17,https://cafe.daum.net/meetpeople/HoUW/219447,2026-07-06
219446,국내산 덜미살 판매 합니다,큰고양이,26.06.17,https://cafe.daum.net/meetpeople/HoUW/219446,2026-07-06
219445,호주산 볼살 판매 합니다.,健康翰 大韓民國 畜産物 企業 　,26.06.17,https://cafe.daum.net/meetpeople/HoUW/219445,2026-07-06
219444,하이마운틴 삼겹 판매합니다(오스트리아) ◈ ◈ ◈ ◈ ◈,큐미트,26.06.17,https://cafe.daum.net/meetpeople/HoUW/219444,2026-07-06
219443,스페인 바텔 돈목살 판매합니다.,미래소년K,26.06.17,https://cafe.daum.net/meetpeople/HoUW/219443,2026-07-06
219442,그리니아 부채살 팝니다,새솔미트,26.06.17,https://cafe.daum.net/meetpeople/HoUW/219442,2026-07-06
219441,뉴질랜드산 양프렌치드랙 24-26Oz KIWI 판매합니다.,팅클,26.06.17,https://cafe.daum.net/meetpeople/HoUW/219441,2026-07-06
219439,OAKEY(오키) 호주산 ANGUS GF 볼라전각 판매합니다,김동현,26.06.17,https://cafe.daum.net/meetpeople/HoUW/219439,2026-07-06
219438,90CL 볼살 / 랄프 판매합니다,로드박상균,26.06.17,https://cafe.daum.net/meetpeople/HoUW/219438,2026-07-06
219437,"스위프트 969G,3D 미티백립 판매합니다",아지,26.06.17,https://cafe.daum.net/meetpeople/HoUW/219437,2026-07-06
219436,호주산 냉장 와규 부채살 판매합니다.,대동호야,26.06.17,https://cafe.daum.net/meetpeople/HoUW/219436,2026-07-06
219435,그린스톡 65CL 트리밍육 판매합니다.,팜플러스,26.06.17,https://cafe.daum.net/meetpeople/HoUW/219435,2026-07-06
219434,엑셀 갈비(TCH) 판매 합니다.~~^^,하이미트(주),26.06.17,https://cafe.daum.net/meetpeople/HoUW/219434,2026-07-06
219432,[캐나다] 메이플 목전지 적극 판매합니다.,정경의 파이프,26.06.17,https://cafe.daum.net/meetpeople/HoUW/219432,2026-07-06
219431,리테라미트 진공전지 200개 판매합니다,(주)레이푸드트레이딩 고주현,26.06.17,https://cafe.daum.net/meetpeople/HoUW/219431,2026-07-06
219430,미국산 스지 판매합니다.,(주)진진프라임,26.06.17,https://cafe.daum.net/meetpeople/HoUW/219430,2026-07-06
219429,테니스 뼈삼겹 판매합니다,부민 사나이,26.06.17,https://cafe.daum.net/meetpeople/HoUW/219429,2026-07-06
219427,잉카롭사 돈등심 판매합니다.,용푸드 조봉구,26.06.17,https://cafe.daum.net/meetpeople/HoUW/219427,2026-07-06
219426,키니톤 장족 판매합니다.,(주)썬프라임 이부장,26.06.17,https://cafe.daum.net/meetpeople/HoUW/219426,2026-07-06
219423,오스트리아산 삼겹살 판매합니다.,세원푸드 여운열,26.06.17,https://cafe.daum.net/meetpeople/HoUW/219423,2026-07-06
219422,칠레산 미추리 판매합니다!,(주)미성피앤비 한준규,26.06.17,https://cafe.daum.net/meetpeople/HoUW/219422,2026-07-06
219421,미국산 돈스페어립 판매합니다.(판매완료),청청우짱,26.06.17,https://cafe.daum.net/meetpeople/HoUW/219421,2026-07-06
219419,리테라 3P 진공 삼겹 판매합니다,승리선택,26.06.17,https://cafe.daum.net/meetpeople/HoUW/219419,2026-07-06
219418,호주산 A냉동 립아이 판매 합니다.,(주)에이브이미트 신길수,26.06.17,https://cafe.daum.net/meetpeople/HoUW/219418,2026-07-06
219417,메이플 목뼈(1A) 판매합니다.,에누리,26.06.17,https://cafe.daum.net/meetpeople/HoUW/219417,2026-07-06
219415,스위프트 양지안창 판매중입니다.,트랜서핑,26.06.17,https://cafe.daum.net/meetpeople/HoUW/219415,2026-07-06
219411,리테라 진공 삼겹 판매합니다.,레인보우미트,26.06.17,https://cafe.daum.net/meetpeople/HoUW/219411,2026-07-06
219409,아싸(AASA) 로인립 판매합니다 - 스펙사진 첨부 -,(주)더한양 최진우,26.06.17,https://cafe.daum.net/meetpeople/HoUW/219409,2026-07-06
219408,벨기에 미니족 판매합니다,바른용준씨,26.06.17,https://cafe.daum.net/meetpeople/HoUW/219408,2026-07-06
219407,오키 GF/ANGUS 홍두깨 팝니다.,김동구,26.06.17,https://cafe.daum.net/meetpeople/HoUW/219407,2026-07-06
219406,칠레산 코엑스카 가브리 및 전품목 판매합니다!!,(주)카니발푸드_홍경남,26.06.17,https://cafe.daum.net/meetpeople/HoUW/219406,2026-07-06
219404,팍사 듀록삼겹 판매합니다,twins2013,26.06.17,https://cafe.daum.net/meetpeople/HoUW/219404,2026-07-06
219402,호주산 와규 우채썰기 판매합니다.,주니푸드,26.06.17,https://cafe.daum.net/meetpeople/HoUW/219402,2026-07-06
219396,그리니아 PS 볼라전각 판매합니다,(주)카멜무역,26.06.17,https://cafe.daum.net/meetpeople/HoUW/219396,2026-07-06
219394,파텔(PATEL/스페인) 삼겹살 판매합니다.,곰뚱이,26.06.17,https://cafe.daum.net/meetpeople/HoUW/219394,2026-07-06
219393,호주산 빈다리 우목뼈 판매 합니다.,제이알미트 김효영,26.06.17,https://cafe.daum.net/meetpeople/HoUW/219393,2026-07-06
219391,NBP 208A 냉장 양지늑간 판매합니다,아이프레시,26.06.17,https://cafe.daum.net/meetpeople/HoUW/219391,2026-07-06
219389,냉장 호주산 와규 살치 판매합니다,미트대명사 안병관,26.06.17,https://cafe.daum.net/meetpeople/HoUW/219389,2026-07-06
219388,"잉카롭사 L삼겹, M삼겹, 롤삼겹, 이겹살 판매합니다",슈퍼초코송이,26.06.17,https://cafe.daum.net/meetpeople/HoUW/219388,2026-07-06
219387,오마하 대창 판매합니다,잔바리2,26.06.17,https://cafe.daum.net/meetpeople/HoUW/219387,2026-07-06
219386,호주산 깐양 소량 팝니다,(주) 우리와푸드 [박순용],26.06.17,https://cafe.daum.net/meetpeople/HoUW/219386,2026-07-06
219385,ACC 차돌양지 GF 1620 판매합니다,아슬란 박주열,26.06.17,https://cafe.daum.net/meetpeople/HoUW/219385,2026-07-06
219384,*코엑스카(칠레) 장족 판매합니다 *,(주)우성 김낙현,26.06.17,https://cafe.daum.net/meetpeople/HoUW/219384,2026-07-06
219383,스페인 삼겹 판매합니다,육팔구통상(주)현기환,26.06.17,https://cafe.daum.net/meetpeople/HoUW/219383,2026-07-06
219380,스페인 가브리 판매합니다.,정솔 이사,26.06.17,https://cafe.daum.net/meetpeople/HoUW/219380,2026-07-06
219378,척갈비 쇼케이스 SE 경인냉장,삼촌,26.06.16,https://cafe.daum.net/meetpeople/HoUW/219378,2026-07-06
219376,미산) 뎀코타 갈비 (프라임)판매중입니다.,수입쇠고기,26.06.16,https://cafe.daum.net/meetpeople/HoUW/219376,2026-07-06
219375,하이마운틴돈갈비판매합니다,미트앤라이프삐옹스,26.06.16,https://cafe.daum.net/meetpeople/HoUW/219375,2026-07-06
219374,뉴질랜드 PS갈비 정리합니다,미트시즌,26.06.16,https://cafe.daum.net/meetpeople/HoUW/219374,2026-07-06
219373,PPCS BULL 갈비 판매합니다,AZ독산 김남학,26.06.16,https://cafe.daum.net/meetpeople/HoUW/219373,2026-07-06
219372,스위프트 목전지 판매합니다!,(주)미성피앤비 한준규,26.06.16,https://cafe.daum.net/meetpeople/HoUW/219372,2026-07-06
219371,NBP 양지늑간 판매합니다.,씽크빅,26.06.16,https://cafe.daum.net/meetpeople/HoUW/219371,2026-07-06
219368,SWIFT 969 CH 갈비 판매합니다.,팜플러스,26.06.16,https://cafe.daum.net/meetpeople/HoUW/219368,2026-07-06
219367,스위프트 969G CH 갈비,(주)어흥 이재명,26.06.16,https://cafe.daum.net/meetpeople/HoUW/219367,2026-07-06
219365,오마하 양지늑간 판매 합니다.,健康翰 大韓民國 畜産物 企業 　,26.06.16,https://cafe.daum.net/meetpeople/HoUW/219365,2026-07-06
219364,베슬러 삼겹 판매 합니다.,김승용,26.06.16,https://cafe.daum.net/meetpeople/HoUW/219364,2026-07-06
219363,킬코이 곡물 곱창 임박분 정리합니다.,(주)카니발푸드_문성준,26.06.16,https://cafe.daum.net/meetpeople/HoUW/219363,2026-07-06
219362,호주산 MB1 동결우둔 판매 합니다. (CAP_OFF),(주)에이브이미트 신길수,26.06.16,https://cafe.daum.net/meetpeople/HoUW/219362,2026-07-06
219359,국내산 냉동돈등심 판매합니다,해금축산,26.06.16,https://cafe.daum.net/meetpeople/HoUW/219359,2026-07-06
219358,반루이(네덜란드) 목뼈 판매합니다.,에누리,26.06.16,https://cafe.daum.net/meetpeople/HoUW/219358,2026-07-06
219357,호주산 양깃머리 판매합니다.,서버밴,26.06.16,https://cafe.daum.net/meetpeople/HoUW/219357,2026-07-06
219356,스페인 바텔 돈목살 판매합니다.,미래소년K,26.06.16,https://cafe.daum.net/meetpeople/HoUW/219356,2026-07-06
219355,엑셀 스지 판매 합니다,가빠,26.06.16,https://cafe.daum.net/meetpeople/HoUW/219355,2026-07-06
219353,프랑스 작업미박삼겹 싸게 정리합니다,(주)레이푸드트레이딩 고주현,26.06.16,https://cafe.daum.net/meetpeople/HoUW/219353,2026-07-06
219352,삼겹양지 스위프트 3D 판매중입니다,(주)굿팜코리아,26.06.16,https://cafe.daum.net/meetpeople/HoUW/219352,2026-07-06
219350,국내산 돈잡육 판매합니다,최선생,26.06.16,https://cafe.daum.net/meetpeople/HoUW/219350,2026-07-06
219349,돈오돌뼈(국산)판매합니다,사골조아,26.06.16,https://cafe.daum.net/meetpeople/HoUW/219349,2026-07-06
219347,wmpg s 늑간 판매합니다,이재욱,26.06.16,https://cafe.daum.net/meetpeople/HoUW/219347,2026-07-06
219346,블랙포크 삼겹 2종 판매합니다,슈퍼초코송이,26.06.16,https://cafe.daum.net/meetpeople/HoUW/219346,2026-07-06
219345,냉장 호주산 와규 진갈비 판매합니다,미트대명사 안병관,26.06.16,https://cafe.daum.net/meetpeople/HoUW/219345,2026-07-06
219344,스미스필드 목전지 판매합니다(18079) ◈ ◈ ◈ ◈ ◈,큐미트,26.06.16,https://cafe.daum.net/meetpeople/HoUW/219344,2026-07-06
219343,하이마운틴삼겹(오스트리아) 판매합니다~!!,이시스,26.06.16,https://cafe.daum.net/meetpeople/HoUW/219343,2026-07-06
219341,국내산 덜미살 판매 합니다,큰고양이,26.06.16,https://cafe.daum.net/meetpeople/HoUW/219341,2026-07-06
219340,키니톤 장족 판매합니다.,(주)썬프라임 이부장,26.06.16,https://cafe.daum.net/meetpeople/HoUW/219340,2026-07-06
219339,호주산 OAKEY (오키) ANGUS GF 볼라전각 판매합니다,김동현,26.06.16,https://cafe.daum.net/meetpeople/HoUW/219339,2026-07-06
219338,미국 시보드 돈등심 판매합니다~,뇽뇽,26.06.16,https://cafe.daum.net/meetpeople/HoUW/219338,2026-07-06
219336,IBP CAB 245C 동결진갈비 팝니다.,(주)가흥 정충국,26.06.16,https://cafe.daum.net/meetpeople/HoUW/219336,2026-07-06
219335,캐나다 DIAMOND 황제늑간(임박분) 판매합니다.,산들99,26.06.16,https://cafe.daum.net/meetpeople/HoUW/219335,2026-07-06
219333,테니스 삼겹 판매합니다.,몽구맘,26.06.16,https://cafe.daum.net/meetpeople/HoUW/219333,2026-07-06
219332,아일랜드산 LIFFEYMEATS 빽립 판매합니다,김유군,26.06.16,https://cafe.daum.net/meetpeople/HoUW/219332,2026-07-06
219331,리테라 후지 (세절) 판매합니다 (저렴),우람바,26.06.16,https://cafe.daum.net/meetpeople/HoUW/219331,2026-07-06
219330,그리니아 부채살 팝니다,새솔미트,26.06.16,https://cafe.daum.net/meetpeople/HoUW/219330,2026-07-06
219329,WINGHAM(윙햄) 호주산 떡심 판매합니다!,나인미라클-이정민,26.06.16,https://cafe.daum.net/meetpeople/HoUW/219329,2026-07-06
219328,가틴 삼겹 싸게 판매합니다.,MG티앤씨 김대신,26.06.16,https://cafe.daum.net/meetpeople/HoUW/219328,2026-07-06
219327,[스페인] 파텔 로인립 - 마지막 물량 **저렴**하게 판매합니다.,정경의 파이프,26.06.16,https://cafe.daum.net/meetpeople/HoUW/219327,2026-07-06
219325,냉동 진갈비 CAVINESS CAB 판매합니다!,정보석,26.06.16,https://cafe.daum.net/meetpeople/HoUW/219325,2026-07-06
219324,그린리아 Bull 3 Rib (8-10) 판매합니다.,(주)아이린인피니티,26.06.16,https://cafe.daum.net/meetpeople/HoUW/219324,2026-07-06
219323,스위프트(미국) 돈목뼈 판매합니다,(주)고기장푸드 장정호,26.06.16,https://cafe.daum.net/meetpeople/HoUW/219323,2026-07-06
219321,냉장 캐나다 올리멜 목살 판매합니다.,제이알미트 김효영,26.06.16,https://cafe.daum.net/meetpeople/HoUW/219321,2026-07-06
219320,마프리제스 진공 삼겹 저렴하게 판매합니다,미래푸드 오제호,26.06.16,https://cafe.daum.net/meetpeople/HoUW/219320,2026-07-06
219318,creekstone pr 갈비 판매합니다.,자유인,26.06.16,https://cafe.daum.net/meetpeople/HoUW/219318,2026-07-06
219317,"캐나다항정 저렴하게 판매합니다,사진첨부",장구지계,26.06.16,https://cafe.daum.net/meetpeople/HoUW/219317,2026-07-06
219315,90CL /볼살 / 랄프 판매합니다,로드박상균,26.06.16,https://cafe.daum.net/meetpeople/HoUW/219315,2026-07-06
219314,AMH 척크레스트(멍에살) 판매합니다.,오니,26.06.16,https://cafe.daum.net/meetpeople/HoUW/219314,2026-07-06
219313,오마하 냉장 pr 살치 판매합니다.,고기연구소 조의진,26.06.16,https://cafe.daum.net/meetpeople/HoUW/219313,2026-07-06
219312,NB(엔비) PR 알목심 판매합니다,(주)더한양 최진우,26.06.16,https://cafe.daum.net/meetpeople/HoUW/219312,2026-07-06
219311,엑셀 스지 판매합니다.,정식,26.06.16,https://cafe.daum.net/meetpeople/HoUW/219311,2026-07-06
219308,호주산 와규 소고기 스틱(초밥용) 판매합니다,주니푸드,26.06.16,https://cafe.daum.net/meetpeople/HoUW/219308,2026-07-06
219306,오키 차돌양지 팝니다,김동구,26.06.16,https://cafe.daum.net/meetpeople/HoUW/219306,2026-07-06
219302,호멜 장족 판매합니다,twins2013,26.06.16,https://cafe.daum.net/meetpeople/HoUW/219302,2026-07-06
219299,그린햄s부채팝니다,(주)더복,26.06.16,https://cafe.daum.net/meetpeople/HoUW/219299,2026-07-06
219298,벨기에 미니족 판매합니다,바른용준씨,26.06.16,https://cafe.daum.net/meetpeople/HoUW/219298,2026-07-06
219297,그리니아 채끝등심 4.0 판매합니다,(주)카멜무역,26.06.16,https://cafe.daum.net/meetpeople/HoUW/219297,2026-07-06
219296,치코 듀록 목뼈 판매합니다.,레인보우미트,26.06.16,https://cafe.daum.net/meetpeople/HoUW/219296,2026-07-06
219295,루돌프 돈갈비 팝니다.,권혁만,26.06.16,https://cafe.daum.net/meetpeople/HoUW/219295,2026-07-06
219294,잉카롭사 ( INCARLOPSA ) 4d 전지 판매합니다.,고기를먹자,26.06.16,https://cafe.daum.net/meetpeople/HoUW/219294,2026-07-06
219291,파텔(PATEL/스페인) 삼겹살 판매합니다.,곰뚱이,26.06.16,https://cafe.daum.net/meetpeople/HoUW/219291,2026-07-06
219290,퇴니스 미니족 판매합니다.,박영진팀장,26.06.16,https://cafe.daum.net/meetpeople/HoUW/219290,2026-07-06
219284,미국산 냉장 갈비 판매합니다.,대동호야,26.06.16,https://cafe.daum.net/meetpeople/HoUW/219284,2026-07-06
219283,럭스 벨기에 미니족 판매합니다,승리선택,26.06.16,https://cafe.daum.net/meetpeople/HoUW/219283,2026-07-06
219281,엑셀 조각늑간 판매합니다,(주)미트이노베이션,26.06.16,https://cafe.daum.net/meetpeople/HoUW/219281,2026-07-06
219280,스페인 항정 판매합니다,육팔구통상(주)현기환,26.06.16,https://cafe.daum.net/meetpeople/HoUW/219280,2026-07-06
219279,핸들바우어 삼겹살 판매합니다.,정솔 이사,26.06.16,https://cafe.daum.net/meetpeople/HoUW/219279,2026-07-06
219275,삼겹살 리바쌈 스페인,삼촌,26.06.15,https://cafe.daum.net/meetpeople/HoUW/219275,2026-07-06
219274,잉카롭사 돈등심 판매합니다...,라이드,26.06.15,https://cafe.daum.net/meetpeople/HoUW/219274,2026-07-06
219272,SEABOARD (미국산) 돈목살 판매합니다.,나인미라클-이정민,26.06.15,https://cafe.daum.net/meetpeople/HoUW/219272,2026-07-06
219271,미국산 시보드 미듐 스페어립 판매합니다,김유군,26.06.15,https://cafe.daum.net/meetpeople/HoUW/219271,2026-07-06
219270,마프리제스 진공 삼겹 저렴하게 판매합니다,미래푸드 오제호,26.06.15,https://cafe.daum.net/meetpeople/HoUW/219270,2026-07-06
219267,루돌프 돈장족 판매합니다(오스트리아) ◈ ◈ ◈ ◈ ◈,큐미트,26.06.15,https://cafe.daum.net/meetpeople/HoUW/219267,2026-07-06
219266,파텔(스페인) 돈등심 5P 판매합니다.,마장동 김수빈,26.06.15,https://cafe.daum.net/meetpeople/HoUW/219266,2026-07-06
219262,하이마운틴 돈갈비 판매합니다,미트앤라이프삐옹스,26.06.15,https://cafe.daum.net/meetpeople/HoUW/219262,2026-07-06
219261,독일 베슬러 삼겹 판매 합니다.,김승용,26.06.15,https://cafe.daum.net/meetpeople/HoUW/219261,2026-07-06
219260,아이비피 냉장 알목심 PR 판매합니다.,아슬란 박주열,26.06.15,https://cafe.daum.net/meetpeople/HoUW/219260,2026-07-06
219259,그리니아 부채살 팝니다,새솔미트,26.06.15,https://cafe.daum.net/meetpeople/HoUW/219259,2026-07-06
219258,SMITHFIELD(스미스필드)돈목살 판매합니다.,김동현,26.06.15,https://cafe.daum.net/meetpeople/HoUW/219258,2026-07-06
219257,"IBP CH, UN 냉동늑간 판매합니다.",(주)제이팜컴퍼니,26.06.15,https://cafe.daum.net/meetpeople/HoUW/219257,2026-07-06
219255,시보드 목전지 판매합니다.,미래소년K,26.06.15,https://cafe.daum.net/meetpeople/HoUW/219255,2026-07-06
219254,SWIFT 969CH 갈비 판매합니다.,팜플러스,26.06.15,https://cafe.daum.net/meetpeople/HoUW/219254,2026-07-06
219252,마쳐 삼겹 판매합니다,막앙네,26.06.15,https://cafe.daum.net/meetpeople/HoUW/219252,2026-07-06
219251,하이마운틴 삼겹판매합니다,미코상사,26.06.15,https://cafe.daum.net/meetpeople/HoUW/219251,2026-07-06
219250,AMH 일반갈비 판매합니다.,오니,26.06.15,https://cafe.daum.net/meetpeople/HoUW/219250,2026-07-06
219249,호주산 볼살 판매 합니다.,健康翰 大韓民國 畜産物 企業 　,26.06.15,https://cafe.daum.net/meetpeople/HoUW/219249,2026-07-06
219246,코네스토가 돈학 판매합니다.,(주)비앙드 배진성,26.06.15,https://cafe.daum.net/meetpeople/HoUW/219246,2026-07-06
219245,amh gf 알목심 판매합니다,이재욱,26.06.15,https://cafe.daum.net/meetpeople/HoUW/219245,2026-07-06
